"Sao Paulo",-23.5504,-46.6339,Brazil,BR,BRA,22046000
"Buenos Aires",-34.5997,-58.3819,Argentina,AR,ARG,16157000
"Rio de Janeiro",-22.9083,-43.1964,Brazil,BR,BRA,12272000
Lima,-12.05,-77.0333,Peru,PE,PER,9848000
Bogota,4.6126,-74.0705,Colombia,CO,COL,9464000
Santiago,-33.45,-70.6667,Chile,CL,CHL,7007000
"Belo Horizonte",-19.8917,-43.9478,Brazil,BR,BRA,5159000
"Santa Cruz",-17.7892,-63.1975,Bolivia,BO,BOL,3151676
Brasilia,-15.7744,-48.0773,Brazil,BR,BRA,3015268
Salvador,-12.9708,-38.5108,Brazil,BR,BRA,2921087
"La Paz",-16.4942,-68.1475,Bolivia,BO,BOL,2867504
Guayaquil,-2.1833,-79.8833,Ecuador,EC,ECU,2723665
Medellin,6.2447,-75.5748,Colombia,CO,COL,2529403
Cali,3.44,-76.5197,Colombia,CO,COL,2471474
Fortaleza,-3.7275,-38.5275,Brazil,BR,BRA,2452185
Quito,-0.2186,-78.5097,Ecuador,EC,ECU,2011388
Caracas,10.5,-66.9333,Venezuela,VE,VEN,1943901
Curitiba,-25.4297,-49.2719,Brazil,BR,BRA,1879355
Asuncion,-25.3,-57.6333,Paraguay,PY,PRY,1870000
Barranquilla,10.96,-74.8,Colombia,CO,COL,1798000
Manaus,-3.1,-60.0167,Brazil,BR,BRA,1802014
Vitoria,-20.324,-40.366,Brazil,BR,BRA,1704000
Recife,-8.0539,-34.8808,Brazil,BR,BRA,1555039
Maracaibo,10.6333,-71.6333,Venezuela,VE,VEN,1551539
"Porto Alegre",-30.0328,-51.23,Brazil,BR,BRA,1484941
Valencia,10.1667,-68,Venezuela,VE,VEN,1484430
Goiania,-16.6789,-49.2539,Brazil,BR,BRA,1393575
Belem,-1.4558,-48.5039,Brazil,BR,BRA,1393399
Cordoba,-31.4167,-64.1833,Argentina,AR,ARG,1329604
Guarulhos,-23.4667,-46.5333,Brazil,BR,BRA,1324781
Montevideo,-34.8667,-56.1667,Uruguay,UY,URY,1319108
"Vila Velha",3.2167,-51.2167,Brazil,BR,BRA,1209091
Rosario,-32.9575,-60.6394,Argentina,AR,ARG,1193605
Campinas,-22.9009,-47.0573,Brazil,BR,BRA,1164098
Callao,-12.0611,-77.1333,Peru,PE,PER,1129854
"Sao Luis",-2.53,-44.3028,Brazil,BR,BRA,1073893
Barquisimeto,10.0678,-69.3467,Venezuela,VE,VEN,1059092
Cartagena,10.4236,-75.5253,Colombia,CO,COL,1036412
Maceio,-9.6658,-35.735,Brazil,BR,BRA,1029129
Arequipa,-16.3988,-71.5369,Peru,PE,PER,1008290
"Panama City",9,-79.5,Panama,PA,PAN,880691
Sucre,-19.0431,-65.2592,Bolivia,BO,BOL,300000
Paramaribo,5.8667,-55.1667,Suriname,SR,SUR,223757
Georgetown,6.7833,-58.1667,Guyana,GY,GUY,200500
"Port of Spain",10.6667,-61.5167,"Trinidad And Tobago",TT,TTO,37074
Joinvile,-26.32,-48.8399,Brazil,BR,BRA,988000
Natal,-6.9838,-60.2699,Brazil,BR,BRA,980588
Trujillo,-8.1119,-79.0289,Peru,PE,PER,919899
Olinda,-8,-34.85,Brazil,BR,BRA,921840
Natal,-5.795,-35.2089,Brazil,BR,BRA,877662
"Novo Hamburgo",-29.7096,-51.14,Brazil,BR,BRA,876990
"Campo Grande",-20.4686,-54.6222,Brazil,BR,BRA,874210
Barinas,8.6333,-70.2167,Venezuela,VE,VEN,873962
Teresina,-5.0949,-42.8042,Brazil,BR,BRA,847430
Iguacu,-22.74,-43.47,Brazil,BR,BRA,844583
"Sao Bernardo do Campo",-23.6939,-46.565,Brazil,BR,BRA,816925
"Joao Pessoa",-7.0833,-34.8333,Brazil,BR,BRA,801718
"Ciudad Guayana",8.3596,-62.6517,Venezuela,VE,VEN,751331
Cucuta,7.9075,-72.5047,Colombia,CO,COL,750000
"San Cristobal",7.7682,-72.2322,Venezuela,VE,VEN,743924
Jaboatao,-8.1803,-35.0014,Brazil,BR,BRA,702621
"Santo Andre",-23.6572,-46.5333,Brazil,BR,BRA,710210
Soledad,10.92,-74.77,Colombia,CO,COL,698852
Osasco,-23.5328,-46.7919,Brazil,BR,BRA,694844
Aracaju,-10.9111,-37.0717,Brazil,BR,BRA,685356
"Sao Jose dos Campos",-23.1789,-45.8869,Brazil,BR,BRA,688597
"Sao Jose dos Pinhais",-25.57,-49.18,Brazil,BR,BRA,665063
"Ribeirao Preto",-21.1783,-47.8067,Brazil,BR,BRA,666323
"Catia La Mar",10.6,-67.0333,Venezuela,VE,VEN,661897
Sorocaba,-23.5019,-47.4578,Brazil,BR,BRA,644919
Cochabamba,-17.3935,-66.157,Bolivia,BO,BOL,632013
"San Miguel de Tucuman",-26.8167,-65.2167,Argentina,AR,ARG,605767
Uberlandia,-18.9189,-48.2769,Brazil,BR,BRA,604013
Canoas,-29.92,-51.18,Brazil,BR,BRA,600000
"Mar del Plata",-38,-57.55,Argentina,AR,ARG,593337
Cuiaba,-15.5958,-56.0969,Brazil,BR,BRA,585367
Bucaramanga,7.1186,-73.1161,Colombia,CO,COL,581130
Pereira,4.8104,-75.68,Colombia,CO,COL,568750
"Ciudad Bolivar",8.1167,-63.55,Venezuela,VE,VEN,567953
Chiclayo,-6.763,-79.8366,Peru,PE,PER,552508
Maturin,9.7457,-63.1832,Venezuela,VE,VEN,542259
Ibague,4.4378,-75.2006,Colombia,CO,COL,541101
Salta,-24.7883,-65.4106,Argentina,AR,ARG,535303
Villavicencio,4.1425,-73.6294,Colombia,CO,COL,527668
"Santa Teresa del Tuy",10.2333,-66.65,Venezuela,VE,VEN,525321
Londrina,-23.3,-51.18,Brazil,BR,BRA,520238
Bello,6.33,-75.57,Colombia,CO,COL,519670
"Santa Marta",11.2361,-74.2017,Colombia,CO,COL,515556
Niteroi,-22.8833,-43.1036,Brazil,BR,BRA,496696
Chimbote,-9.0745,-78.5936,Peru,PE,PER,497875
Valledupar,10.4603,-73.2597,Colombia,CO,COL,490075
"Juiz de Fora",-21.7642,-43.3503,Brazil,BR,BRA,470193
"Feira de Santana",-12.25,-38.97,Brazil,BR,BRA,481911
Americana,-22.7392,-47.3314,Brazil,BR,BRA,479472
Florianopolis,-27.5933,-48.553,Brazil,BR,BRA,477798
"San Juan",-31.5375,-68.5364,Argentina,AR,ARG,471389
"Vila Velha",-20.3364,-40.2936,Brazil,BR,BRA,472762
Macapa,0.033,-51.0653,Brazil,BR,BRA,474706
Piura,-5.2008,-80.6253,Peru,PE,PER,473025
Lanus,-34.7,-58.4,Argentina,AR,ARG,459263
Maua,-23.6678,-46.4608,Brazil,BR,BRA,453286
Monteria,8.76,-75.8856,Colombia,CO,COL,460223
"Volta Redonda",-22.5196,-44.095,Brazil,BR,BRA,456362
Barcelona,10.1333,-64.6833,Venezuela,VE,VEN,448016
"Sao Jose do Rio Preto",-20.82,-49.3789,Brazil,BR,BRA,442548
Diadema,-23.6858,-46.6228,Brazil,BR,BRA,412428
Santos,-23.9608,-46.3339,Brazil,BR,BRA,433966
Cusco,-13.5183,-71.9781,Peru,PE,PER,428450
"Mogi das Cruzes",-23.5228,-46.1931,Brazil,BR,BRA,424633
Ipatinga,-19.4796,-42.52,Brazil,BR,BRA,407894
Maracay,10.2469,-67.5958,Venezuela,VE,VEN,407109
"Santa Fe",-31.6333,-60.7,Argentina,AR,ARG,405683
"Campina Grande",-7.2306,-35.8811,Brazil,BR,BRA,405072
Carapicuiba,-23.5228,-46.8358,Brazil,BR,BRA,392294
Jundiai,-23.1864,-46.8842,Brazil,BR,BRA,401896
Campos,-21.7523,-41.3304,Brazil,BR,BRA,387417
"San Lorenzo",-25.3431,-57.5094,Paraguay,PY,PRY,387977
"Caxias do Sul",-29.18,-51.17,Brazil,BR,BRA,381270
"Rio Branco",-9.9781,-67.8117,Brazil,BR,BRA,383443
Pasto,1.2136,-77.2811,Colombia,CO,COL,382236
Antofagasta,-23.6464,-70.398,Chile,CL,CHL,380695
Huancayo,-12.0667,-75.2167,Peru,PE,PER,378203
Iquitos,-3.7333,-73.25,Peru,PE,PER,377609
Manizales,5.06,-75.52,Colombia,CO,COL,375848
Cumana,10.45,-64.1667,Venezuela,VE,VEN,374706
Bauru,-22.3147,-49.0606,Brazil,BR,BRA,366992
Anapolis,-16.3269,-48.9528,Brazil,BR,BRA,366491
"Montes Claros",-16.7322,-43.8636,Brazil,BR,BRA,361915
"Sao Vicente",-23.9633,-46.3922,Brazil,BR,BRA,355542
Itaquaquecetuba,-23.4864,-46.3486,Brazil,BR,BRA,352801
Corrientes,-27.4833,-58.8167,Argentina,AR,ARG,352646
Cabimas,10.4,-71.4333,Venezuela,VE,VEN,351735
Piracicaba,-22.725,-47.6489,Brazil,BR,BRA,342209
Franca,-20.5389,-47.4008,Brazil,BR,BRA,342112
"Vina del Mar",-33.0244,-71.5517,Chile,CL,CHL,332875
Cuenca,-2.8974,-79.0045,Ecuador,EC,ECU,329928
Maringa,-23.4095,-51.93,Brazil,BR,BRA,328335
Pelotas,-31.75,-52.33,Brazil,BR,BRA,320674
Itajai,-26.8996,-48.68,Brazil,BR,BRA,327126
"Boa Vista",2.82,-60.6719,Brazil,BR,BRA,326419
Pucallpa,-8.3833,-74.55,Peru,PE,PER,326040
Uberaba,-19.7478,-47.9319,Brazil,BR,BRA,325279
"San Salvador de Jujuy",-24.1856,-65.2994,Argentina,AR,ARG,321789
Neiva,2.9275,-75.2875,Colombia,CO,COL,316033
"Vitoria da Conquista",-14.8661,-40.8394,Brazil,BR,BRA,308204
Guaruja,-23.9936,-46.2564,Brazil,BR,BRA,311230
"Porto Velho",-8.7619,-63.9039,Brazil,BR,BRA,306180
Blumenau,-26.9189,-49.0658,Brazil,BR,BRA,309011
"Puerto La Cruz",10.2167,-64.6167,Venezuela,VE,VEN,306261
"Ciudad del Este",-25.5167,-54.6167,Paraguay,PY,PRY,304282
Armenia,4.5389,-75.6725,Colombia,CO,COL,301226
Taubate,-23.0333,-45.55,Brazil,BR,BRA,302331
Popayan,2.4411,-76.6061,Colombia,CO,COL,300837
"Praia Grande",-24.0058,-46.4028,Brazil,BR,BRA,299261
Merida,8.5833,-71.1333,Venezuela,VE,VEN,300000
"Bahia Blanca",-38.7167,-62.2667,Argentina,AR,ARG,299101
Petropolis,-22.505,-43.1789,Brazil,BR,BRA,298142
Valparaiso,-33.0458,-71.6197,Chile,CL,CHL,296655
Limeira,-22.5647,-47.4017,Brazil,BR,BRA,296440
"Ponta Grossa",-25.09,-50.16,Brazil,BR,BRA,292177
Resistencia,-27.4514,-58.9867,Argentina,AR,ARG,291720
Juliaca,-15.4908,-70.1269,Peru,PE,PER,291189
"Punto Fijo",11.7167,-70.1833,Venezuela,VE,VEN,287558
Tacna,-18.0556,-70.2483,Peru,PE,PER,286240
Crato,-7.2342,-39.4094,Brazil,BR,BRA,273883
Coro,11.395,-69.6816,Venezuela,VE,VEN,284266
"Taboao da Serra",-23.6019,-46.7528,Brazil,BR,BRA,272177
Temuco,-38.7399,-72.5901,Chile,CL,CHL,282415
Ica,-14.0667,-75.7333,Peru,PE,PER,282407
Sincelejo,9.2994,-75.3958,Colombia,CO,COL,279031
Posadas,-27.3667,-55.8969,Argentina,AR,ARG,275988
"La Guaira",10.6,-66.9331,Venezuela,VE,VEN,275000
Crato,-7.4639,-63.04,Brazil,BR,BRA,273883
Palmas,-10.2128,-48.3603,Brazil,BR,BRA,272726
"Santo Domingo de los Colorados",-0.2542,-79.1719,Ecuador,EC,ECU,270875
Sumare,-22.8219,-47.2669,Brazil,BR,BRA,265955
Maraba,-5.3689,-49.1178,Brazil,BR,BRA,266932
Petrolina,-9.38,-40.51,Brazil,BR,BRA,260985
Oruro,-17.9667,-67.1167,Bolivia,BO,BOL,264683
Barueri,-23.5111,-46.8764,Brazil,BR,BRA,262275
Cascavel,-24.9558,-53.4553,Brazil,BR,BRA,257172
"Governador Valadares",-18.87,-41.97,Brazil,BR,BRA,250878
"Foz do Iguacu",-25.5478,-54.5878,Brazil,BR,BRA,256088
"Santa Maria",-29.6833,-53.8,Brazil,BR,BRA,249219
Turmero,10.2283,-67.4753,Venezuela,VE,VEN,254880
Buenaventura,3.8724,-77.0505,Colombia,CO,COL,252805
"Varzea Grande",-15.65,-56.14,Brazil,BR,BRA,249752
"Santiago del Estero",-27.7844,-64.2669,Argentina,AR,ARG,252192
"Los Teques",10.3411,-67.0406,Venezuela,VE,VEN,251200
Caruaru,-8.28,-35.98,Brazil,BR,BRA,242094
"San Bernardo",-33.6,-70.7,Chile,CL,CHL,246762
Parana,-31.7444,-60.5175,Argentina,AR,ARG,247863
Oruro,-17.98,-67.13,Bolivia,BO,BOL,246501
Merlo,-34.6653,-58.7275,Argentina,AR,ARG,244168
Colon,9.3598,-79.9004,Panama,PA,PAN,241817
"Puerto Montt",-41.4718,-72.9396,Chile,CL,CHL,245902
"Gonzalez Catan",-34.7708,-58.6464,Argentina,AR,ARG,238067
"Juazeiro do Norte",-7.21,-39.32,Brazil,BR,BRA,225230
Tarapoto,-6.4833,-76.3667,Peru,PE,PER,240453
"Sao Carlos",-22.0178,-47.8908,Brazil,BR,BRA,241389
Ilheus,-14.7936,-39.0395,Brazil,BR,BRA,230622
Quilmes,-34.7167,-58.2667,Argentina,AR,ARG,230810
"El Tigre",8.8858,-64.2611,Venezuela,VE,VEN,236566
Machala,-3.2667,-79.9667,Ecuador,EC,ECU,231260
Santarem,-2.4431,-54.7083,Brazil,BR,BRA,230428
Rancagua,-34.1654,-70.7398,Chile,CL,CHL,231370
Marilia,-22.2139,-49.9458,Brazil,BR,BRA,232006
Indaiatuba,-23.0903,-47.2181,Brazil,BR,BRA,231033
Itabuna,-14.7896,-39.28,Brazil,BR,BRA,221938
Neuquen,-38.9573,-68.0455,Argentina,AR,ARG,231198
Cotia,-23.6039,-46.9189,Brazil,BR,BRA,229548
Jacarei,-23.305,-45.9658,Brazil,BR,BRA,226539
Araraquara,-21.7939,-48.1758,Brazil,BR,BRA,226508
Itapevi,-23.5489,-46.9342,Brazil,BR,BRA,223404
"Presidente Prudente",-22.1258,-51.3889,Brazil,BR,BRA,222192
"Jose C. Paz",-34.5167,-58.7667,Argentina,AR,ARG,216637
Formosa,-26.1847,-58.1758,Argentina,AR,ARG,222226
Imperatriz,-5.52,-47.49,Brazil,BR,BRA,218106
"La Serena",-29.9027,-71.252,Chile,CL,CHL,221054
"San Felipe",10.3353,-68.7458,Venezuela,VE,VEN,220786
Hortolandia,-22.8583,-47.22,Brazil,BR,BRA,215819
Manta,-0.95,-80.7162,Ecuador,EC,ECU,217553
Concepcion,-36.8271,-73.0503,Chile,CL,CHL,217537
"Los Angeles",-37.4707,-72.3517,Chile,CL,CHL,218000
Cua,10.1667,-66.8833,Venezuela,VE,VEN,214823
"La Victoria",10.2278,-67.3336,Venezuela,VE,VEN,214492
Criciuma,-28.68,-49.39,Brazil,BR,BRA,204217
Warnes,-17.5103,-63.1647,Bolivia,BO,BOL,214216
Timon,-5.115,-42.845,Brazil,BR,BRA,203157
Guarenas,10.4739,-66.5383,Venezuela,VE,VEN,208663
"Puerto Cabello",10.4667,-68.0167,Venezuela,VE,VEN,209080
Portoviejo,-1.0544,-80.4544,Ecuador,EC,ECU,206682
Mossoro,-5.19,-37.34,Brazil,BR,BRA,202583
"Sete Lagoas",-19.4496,-44.25,Brazil,BR,BRA,201334
Coquimbo,-29.9532,-71.338,Chile,CL,CHL,204068
Arica,-18.4784,-70.3211,Chile,CL,CHL,202131
Huacho,-11.1083,-77.6083,Peru,PE,PER,200585
Cajamarca,-7.1644,-78.5106,Peru,PE,PER,201329
"Isidro Casanova",-34.7,-58.5833,Argentina,AR,ARG,190696
"Rio Claro",-22.4108,-47.5608,Brazil,BR,BRA,199961
Divinopolis,-20.1495,-44.9,Brazil,BR,BRA,193832
Talca,-35.455,-71.67,Chile,CL,CHL,197479
Tocuyito,10.0889,-68.0922,Venezuela,VE,VEN,197446
Huanuco,-9.9294,-76.2397,Peru,PE,PER,196627
Acarigua,9.5597,-69.2019,Venezuela,VE,VEN,195637
Guacara,10.2261,-67.877,Venezuela,VE,VEN,194009
"San Fernando",7.894,-67.473,Venezuela,VE,VEN,194274
"Godoy Cruz",-32.9167,-68.8333,Argentina,AR,ARG,191299
Arapiraca,-9.7525,-36.6611,Brazil,BR,BRA,187668
Aracatuba,-21.2089,-50.4328,Brazil,BR,BRA,192757
Guanare,9.0436,-69.7489,Venezuela,VE,VEN,192644
Valera,9.32,-70.62,Venezuela,VE,VEN,191167
Barrancabermeja,7.09,-73.85,Colombia,CO,COL,191403
"Rio Grande",-32.0495,-52.12,Brazil,BR,BRA,187838
"Ferraz de Vasconcelos",-23.5411,-46.3689,Brazil,BR,BRA,184700
"Santa Barbara d'Oeste",-22.7539,-47.4139,Brazil,BR,BRA,190139
"Cachoeiro de Itapemirim",-20.8489,-41.1128,Brazil,BR,BRA,189889
Potosi,-19.5833,-65.75,Bolivia,BO,BOL,189652
Araure,9.5667,-69.2167,Venezuela,VE,VEN,188800
Guatire,10.4717,-66.5406,Venezuela,VE,VEN,187262
Iquique,-20.2141,-70.1524,Chile,CL,CHL,188003
"San Diego",10.2558,-67.9539,Venezuela,VE,VEN,187215
"La Plata",-34.9333,-57.95,Argentina,AR,ARG,186527
"Cabo Frio",-22.8789,-42.0189,Brazil,BR,BRA,186227
"Santo Agostinho",-8.2869,-35.035,Brazil,BR,BRA,185025
"Passo Fundo",-28.25,-52.42,Brazil,BR,BRA,179529
"Nova Friburgo",-22.26,-42.54,Brazil,BR,BRA,171991
Berazategui,-34.7679,-58.2133,Argentina,AR,ARG,180523
"La Rioja",-29.4131,-66.8558,Argentina,AR,ARG,180995
Ayacucho,-13.1631,-74.2244,Peru,PE,PER,180766
Tunja,5.5403,-73.3614,Colombia,CO,COL,179263
Tarija,-21.5317,-64.7311,Bolivia,BO,BOL,179528
Paita,-5.0667,-81.1,Peru,PE,PER,179346
"Barra Mansa",-22.56,-44.17,Brazil,BR,BRA,169386
Carupano,10.6722,-63.2403,Venezuela,VE,VEN,173877
"Comodoro Rivadavia",-45.8667,-67.5,Argentina,AR,ARG,173266
Sacaba,-17.4042,-66.0408,Bolivia,BO,BOL,172466
Carpina,-7.8508,-35.2547,Brazil,BR,BRA,165579
"Francisco Morato",-23.2817,-46.7425,Brazil,BR,BRA,168243
Loja,-3.9906,-79.205,Ecuador,EC,ECU,170280
"San Luis",-33.2994,-66.3392,Argentina,AR,ARG,169947
Sobral,-3.6861,-40.3497,Brazil,BR,BRA,157996
Ambato,-1.2417,-78.6197,Ecuador,EC,ECU,165185
"Itapecerica da Serra",-23.7172,-46.8494,Brazil,BR,BRA,167236
"Sao Caetano do Sul",-23.6228,-46.5508,Brazil,BR,BRA,158024
Riohacha,11.5442,-72.9069,Colombia,CO,COL,167865
Itu,-23.2642,-47.2992,Brazil,BR,BRA,167095
"Rio Largo",-9.4783,-35.8533,Brazil,BR,BRA,158545
Tulua,4.0904,-76.21,Colombia,CO,COL,165501
Dourados,-22.23,-54.81,Brazil,BR,BRA,162202
Chillan,-36.6067,-72.1033,Chile,CL,CHL,164270
Chapeco,-27.1,-52.64,Brazil,BR,BRA,160157
Barreiras,-12.1528,-44.99,Brazil,BR,BRA,158292
Itapetininga,-23.5917,-48.0531,Brazil,BR,BRA,157016
Anaco,9.4333,-64.4667,Venezuela,VE,VEN,162704
Sullana,-4.9,-80.7,Peru,PE,PER,162434
"Jose Maria Ezeiza",-34.8333,-58.5167,Argentina,AR,ARG,160219
"Braganca Paulista",-22.9189,-46.5425,Brazil,BR,BRA,160665
Pindamonhangaba,-22.9239,-45.4617,Brazil,BR,BRA,160614
"San Nicolas de los Arroyos",-33.3333,-60.2167,Argentina,AR,ARG,160000
Huaycan,-12.0139,-76.825,Peru,PE,PER,160000
"Punta del Este",-34.97,-54.95,Uruguay,UY,URY,159000
Catamarca,-28.4686,-65.7792,Argentina,AR,ARG,159139
"Rafael Castillo",-34.7167,-58.6167,Argentina,AR,ARG,147965
Calama,-22.4624,-68.9272,Chile,CL,CHL,157575
Lajes,-27.8158,-50.3258,Brazil,BR,BRA,156727
Rondonopolis,-16.4695,-54.64,Brazil,BR,BRA,152912
Esmeraldas,0.95,-79.6667,Ecuador,EC,ECU,154035
"Palo Negro",10.16,-67.5582,Venezuela,VE,VEN,153706
Guarapuava,-25.38,-51.48,Brazil,BR,BRA,150850
Macae,-22.38,-41.79,Brazil,BR,BRA,143029
"Pocos de Caldas",-21.78,-46.57,Brazil,BR,BRA,146588
Quevedo,-1.0333,-79.45,Ecuador,EC,ECU,150827
Riobamba,-1.6743,-78.6483,Ecuador,EC,ECU,146324
"Florencio Varela",-34.8167,-58.3833,Argentina,AR,ARG,146704
Talcahuano,-36.7145,-73.1141,Chile,CL,CHL,147831
"Patos de Minas",-18.5871,-46.5149,Brazil,BR,BRA,150833
Copiapo,-27.3665,-70.3323,Chile,CL,CHL,150804
"Ocumare del Tuy",10.1136,-66.7814,Venezuela,VE,VEN,150000
Valdivia,-39.8142,-73.2459,Chile,CL,CHL,150048
Concordia,-31.3922,-58.0169,Argentina,AR,ARG,149450
Quilpue,-33.0498,-71.4415,Chile,CL,CHL,147991
Osorno,-40.5667,-73.15,Chile,CL,CHL,147460
"Mogi Guacu",-22.3719,-46.9419,Brazil,BR,BRA,147233
"Franco da Rocha",-23.3286,-46.7244,Brazil,BR,BRA,145755
Paranagua,-25.5279,-48.5345,Brazil,BR,BRA,141013
"San Justo",-34.6833,-58.55,Argentina,AR,ARG,136604
"Villa de Cura",10.0386,-67.4894,Venezuela,VE,VEN,145098
Barranca,-10.7539,-77.761,Peru,PE,PER,144381
Parnaiba,-2.91,-41.77,Brazil,BR,BRA,138008
Florencia,1.6142,-75.6117,Colombia,CO,COL,143871
Jau,-22.2958,-48.5578,Brazil,BR,BRA,143283
Castanhal,-1.2939,-47.9264,Brazil,BR,BRA,137406
Yaritagua,10.08,-69.1261,Venezuela,VE,VEN,140256
Botucatu,-22.8858,-48.445,Brazil,BR,BRA,139483
Caxias,-4.833,-43.35,Brazil,BR,BRA,134640
Jequie,-13.85,-40.08,Brazil,BR,BRA,135574
Atibaia,-23.1172,-46.5506,Brazil,BR,BRA,137187
Quillacollo,-17.3975,-66.2817,Bolivia,BO,BOL,137182
Encarnacion,-27.3333,-55.8667,Paraguay,PY,PRY,136308
Cartago,4.75,-75.91,Colombia,CO,COL,134827
Milagro,-2.1347,-79.5872,Ecuador,EC,ECU,133508
Ibarra,0.3628,-78.13,Ecuador,EC,ECU,131856
"Jaragua do Sul",-26.48,-49.1,Brazil,BR,BRA,130130
Calabozo,8.9219,-67.4283,Venezuela,VE,VEN,131989
"Los Guayos",10.1833,-67.9333,Venezuela,VE,VEN,130345
Cienaga,11.0104,-74.25,Colombia,CO,COL,131171
Girardot,4.31,-74.81,Colombia,CO,COL,130289
Quibdo,5.6923,-76.6582,Colombia,CO,COL,130825
"Villa Alemana",-33.0428,-71.3744,Chile,CL,CHL,125140
Tariba,7.8167,-72.2167,Venezuela,VE,VEN,128590
Araras,-22.3569,-47.3839,Brazil,BR,BRA,128895
Puno,-15.8433,-70.0236,Peru,PE,PER,128637
Salto,-31.3883,-57.9606,Uruguay,UY,URY,124878
Alagoinhas,-12.1356,-38.4192,Brazil,BR,BRA,124070
"Porto Seguro",-16.4296,-39.08,Brazil,BR,BRA,123173
Temperley,-34.7667,-58.3833,Argentina,AR,ARG,121451
Guasdualito,7.2467,-70.7292,Venezuela,VE,VEN,128025
Cubatao,-23.8953,-46.4256,Brazil,BR,BRA,127006
"Santana de Parnaiba",-23.4439,-46.9178,Brazil,BR,BRA,126574
Sogamoso,5.72,-72.94,Colombia,CO,COL,126551
"Ramos Mejia",-34.65,-58.5667,Argentina,AR,ARG,120346
Barbacena,-21.2258,-43.7739,Brazil,BR,BRA,126284
Cagua,10.1831,-67.45,Venezuela,VE,VEN,122571
Jandira,-23.5278,-46.9028,Brazil,BR,BRA,118832
Uruguaiana,-29.755,-57.0878,Brazil,BR,BRA,125435
Curico,-34.9854,-71.2394,Chile,CL,CHL,125275
Resende,-22.4689,-44.4469,Brazil,BR,BRA,125214
Porlamar,10.9556,-63.8478,Venezuela,VE,VEN,120924
"Pouso Alegre",-22.22,-45.94,Brazil,BR,BRA,115201
"Punta Arenas",-53.1627,-70.9081,Chile,CL,CHL,123403
Barretos,-20.5569,-48.5678,Brazil,BR,BRA,119243
Machiques,10.0667,-72.5667,Venezuela,VE,VEN,122734
"Ciudad Ojeda",10.2,-71.3,Venezuela,VE,VEN,122124
"Pedro Juan Caballero",-22.5667,-55.7167,Paraguay,PY,PRY,122190
"Ribeirao Pires",-23.7108,-46.4128,Brazil,BR,BRA,120396
Valinhos,-22.9708,-46.9958,Brazil,BR,BRA,120258
Sertaozinho,-21.1378,-47.99,Brazil,BR,BRA,120152
Poa,-23.5286,-46.345,Brazil,BR,BRA,113793
"San Carlos",9.65,-68.5833,Venezuela,VE,VEN,120000
"Varzea Paulista",-23.2108,-46.8278,Brazil,BR,BRA,116601
Guaratingueta,-22.8167,-45.2278,Brazil,BR,BRA,119073
Huaraz,-9.5333,-77.5333,Peru,PE,PER,118836
Charallave,10.2431,-66.8622,Venezuela,VE,VEN,117707
Birigui,-21.2889,-50.34,Brazil,BR,BRA,118352
"Santa Cruz do Sul",-29.7178,-52.4258,Brazil,BR,BRA,118374
"San Martin",-33.0806,-68.4706,Argentina,AR,ARG,117399
"Conselheiro Lafaiete",-20.67,-43.79,Brazil,BR,BRA,111596
Mendoza,-32.8833,-68.8333,Argentina,AR,ARG,114822
Tandil,-37.3167,-59.1333,Argentina,AR,ARG,116917
Araguari,-18.6489,-48.1869,Brazil,BR,BRA,116871
Tatui,-23.3556,-47.8569,Brazil,BR,BRA,116682
"Valle de La Pascua",9.2033,-66.0103,Venezuela,VE,VEN,115902
Garanhuns,-8.89,-36.5,Brazil,BR,BRA,110085
"Puerto Madryn",-42.773,-65.0366,Argentina,AR,ARG,115353
Salto,-23.2008,-47.2869,Brazil,BR,BRA,114171
"Ciudad de la Costa",-34.8167,-55.95,Uruguay,UY,URY,112449
Bernal,-34.7,-58.2833,Argentina,AR,ARG,109914
Itatiba,-23.0058,-46.8389,Brazil,BR,BRA,113284
Uba,-21.12,-42.9428,Brazil,BR,BRA,113300
Caraguatatuba,-23.62,-45.4128,Brazil,BR,BRA,113317
Linhares,-19.39,-40.05,Brazil,BR,BRA,105075
Catanduva,-21.14,-48.98,Brazil,BR,BRA,109612
Montero,-17.3333,-63.3833,Bolivia,BO,BOL,112837
Castelar,-34.65,-58.65,Argentina,AR,ARG,107786
"San Carlos de Bariloche",-41.15,-71.3,Argentina,AR,ARG,112887
"Santa Lucia",10.2606,-66.6639,Venezuela,VE,VEN,112357
Carora,10.1755,-70.0828,Venezuela,VE,VEN,112600
"Esteban Echeverria",-34.8167,-58.4667,Argentina,AR,ARG,109644
Tablada,-34.6833,-58.5333,Argentina,AR,ARG,102542
"Villa Mercedes",-33.6667,-65.4667,Argentina,AR,ARG,111391
Ourinhos,-22.9789,-49.8708,Brazil,BR,BRA,110282
Quibor,9.9281,-69.5778,Venezuela,VE,VEN,110536
Tinaquillo,9.9167,-68.3,Venezuela,VE,VEN,110000
Bage,-31.32,-54.1,Brazil,BR,BRA,106098
Pisco,-13.71,-76.2032,Peru,PE,PER,109965
Apucarana,-23.55,-51.47,Brazil,BR,BRA,107085
Gualeguaychu,-33.0078,-58.5111,Argentina,AR,ARG,109461
Corumba,-19.0089,-57.6528,Brazil,BR,BRA,109294
Ipiales,0.8289,-77.6406,Colombia,CO,COL,109116
"Teofilo Otoni",-17.87,-41.5,Brazil,BR,BRA,101170
"El Limon",10.3059,-67.6321,Venezuela,VE,VEN,106206
"San Rafael",-34.6175,-68.3356,Argentina,AR,ARG,107997
Juazeiro,-9.42,-40.5,Brazil,BR,BRA,95132
Moron,-34.65,-58.6167,Argentina,AR,ARG,99066
"La Banda",-27.7333,-64.25,Argentina,AR,ARG,106441
Passos,-20.71,-46.61,Brazil,BR,BRA,98752
"Villa Luzuriaga",-34.6667,-58.5833,Argentina,AR,ARG,94403
Caseros,-34.6167,-58.5333,Argentina,AR,ARG,95785
"Santa Rosa",-36.6203,-64.2906,Argentina,AR,ARG,103860
Libertad,-34.6833,-58.6833,Argentina,AR,ARG,100324
Araxa,-19.5928,-46.9408,Brazil,BR,BRA,103287
Burzaco,-34.8167,-58.3667,Argentina,AR,ARG,98859
Trindade,-16.65,-49.5,Brazil,BR,BRA,97521
"Santo Antonio de Jesus",-12.9692,-39.2611,Brazil,BR,BRA,101548
Assis,-22.6619,-50.4119,Brazil,BR,BRA,101597
Berisso,-34.8667,-57.8667,Argentina,AR,ARG,101123
Duitama,5.8305,-73.02,Colombia,CO,COL,101156
Patos,-7.0196,-37.29,Brazil,BR,BRA,92575
Socopo,8.2322,-70.8206,Venezuela,VE,VEN,101512
Trinidad,-14.8333,-64.9,Bolivia,BO,BOL,101454
Mairipora,-23.3189,-46.5869,Brazil,BR,BRA,100179
Magangue,9.23,-74.74,Colombia,CO,COL,100313
"Bento Goncalves",-29.1695,-51.52,Brazil,BR,BRA,94271
Erechim,-27.63,-52.27,Brazil,BR,BRA,96087
"Ciudad General Belgrano",-34.7261,-58.5289,Argentina,AR,ARG,92957
Tumbes,-3.5667,-80.45,Peru,PE,PER,96946
"Ponta Pora",-22.5361,-55.7256,Brazil,BR,BRA,94331
Arauca,7.0903,-70.7617,Colombia,CO,COL,96814
Muriae,-21.13,-42.39,Brazil,BR,BRA,91173
"San Francisco Solano",-34.7667,-58.3167,Argentina,AR,ARG,91322
"Rio Gallegos",-51.6333,-69.2333,Argentina,AR,ARG,95796
"Monte Chingolo",-34.7333,-58.35,Argentina,AR,ARG,85060
Itanhaem,-24.1831,-46.7889,Brazil,BR,BRA,90385
Brusque,-27.13,-48.93,Brazil,BR,BRA,88284
Abaetetuba,-1.7245,-48.8849,Brazil,BR,BRA,79420
Santana,-0.0583,-51.1817,Brazil,BR,BRA,83927
Babahoyo,-1.8167,-79.5167,Ecuador,EC,ECU,90191
"Remedios de Escalada",-34.7167,-58.4,Argentina,AR,ARG,81465
Caceres,-16.05,-57.51,Brazil,BR,BRA,85274
"Paulo Afonso",-9.3307,-38.2657,Brazil,BR,BRA,85350
"Coronel Oviedo",-25.45,-56.44,Paraguay,PY,PRY,88101
Codo,-4.4796,-43.88,Brazil,BR,BRA,83288
"San Juan de los Morros",9.901,-67.354,Venezuela,VE,VEN,87739
Concepcion,-23.4025,-57.4414,Paraguay,PY,PRY,87215
Tucupita,9.0575,-62.0452,Venezuela,VE,VEN,86487
Ezpeleta,-34.7517,-58.2344,Argentina,AR,ARG,79557
Lavras,-21.2453,-44.9997,Brazil,BR,BRA,81472
Avare,-23.0986,-48.9258,Brazil,BR,BRA,81285
"Puerto Maldonado",-12.6,-69.1833,Peru,PE,PER,85024
Formosa,-15.5395,-47.34,Brazil,BR,BRA,81232
Chaguanas,10.5144,-61.4075,"Trinidad And Tobago",TT,TTO,83489
Tucurui,-3.68,-49.72,Brazil,BR,BRA,76337
Rivera,-30.9025,-55.5506,Uruguay,UY,URY,78900
Itumbiara,-18.3996,-49.21,Brazil,BR,BRA,79582
Itauna,-20.0753,-44.5764,Brazil,BR,BRA,77400
"Sao Mateus",-18.7201,-39.8589,Brazil,BR,BRA,77117
Goiana,-7.5606,-35.0025,Brazil,BR,BRA,71549
"Tres Lagoas",-20.7876,-51.7034,Brazil,BR,BRA,78712
Jatai,-17.8794,-51.7217,Brazil,BR,BRA,76547
Altamira,-3.1996,-52.21,Brazil,BR,BRA,70888
"Sao Joao del Rei",-21.13,-44.25,Brazil,BR,BRA,78592
Paysandu,-32.32,-58.0756,Uruguay,UY,URY,76429
Iguatu,-6.3594,-39.2986,Brazil,BR,BRA,70380
"Puerto Ayacucho",5.6631,-67.6264,Venezuela,VE,VEN,80000
"Lomas del Mirador",-34.6667,-58.5297,Argentina,AR,ARG,71479
Bacabal,-4.23,-44.8,Brazil,BR,BRA,72372
"Cachoeira do Sul",-30.03,-52.91,Brazil,BR,BRA,74694
"Campo Mourao",-24.0496,-52.42,Brazil,BR,BRA,75401
"Las Piedras",-34.7167,-56.2167,Uruguay,UY,URY,71268
Paracatu,-17.2217,-46.875,Brazil,BR,BRA,70753
"Bella Vista",-34.5333,-58.6667,Argentina,AR,ARG,72000
Parintins,-2.61,-56.74,Brazil,BR,BRA,64428
Ijui,-28.3878,-53.9147,Brazil,BR,BRA,71202
"Porto Uniao",-26.2396,-51.08,Brazil,BR,BRA,71578
Irece,-11.3042,-41.8558,Brazil,BR,BRA,63626
Abancay,-13.6333,-72.8833,Peru,PE,PER,72277
Wilde,-34.7,-58.3167,Argentina,AR,ARG,65881
"La Chorrera",8.8792,-79.7822,Panama,PA,PAN,68896
Balsas,-7.5325,-46.0356,Brazil,BR,BRA,68056
Moquegua,-17.2,-70.9333,Peru,PE,PER,69882
Itapeva,-23.9822,-48.8756,Brazil,BR,BRA,62957
Valenca,-13.3703,-39.0731,Brazil,BR,BRA,63231
"Santa Ines",-3.6667,-45.38,Brazil,BR,BRA,67424
"Santo Angelo",-28.3,-54.28,Brazil,BR,BRA,65420
Itapetinga,-15.2489,-40.2478,Brazil,BR,BRA,59721
"San Jose del Guaviare",2.5653,-72.6386,Colombia,CO,COL,68878
Gurupi,-11.7292,-49.0686,Brazil,BR,BRA,64789
"Villa Dominico",-34.6917,-58.3333,Argentina,AR,ARG,62315
Picos,-7.0769,-41.4669,Brazil,BR,BRA,57495
Cacador,-26.7753,-51.015,Brazil,BR,BRA,63726
Timbauba,-7.5053,-35.3183,Brazil,BR,BRA,57534
Curvelo,-18.7564,-44.4308,Brazil,BR,BRA,63954
Manacapuru,-3.2997,-60.6206,Brazil,BR,BRA,59102
Caratinga,-19.79,-42.14,Brazil,BR,BRA,60066
"Los Polvorines",-34.5,-58.7,Argentina,AR,ARG,60867
Vilhena,-12.7166,-60.1166,Brazil,BR,BRA,63231
Latacunga,-0.9333,-78.6167,Ecuador,EC,ECU,63842
Pirapora,-17.345,-44.9419,Brazil,BR,BRA,60164
Cayenne,4.933,-52.33,"French Guiana",GF,GUF,61550
Braganca,-1.0536,-46.7656,Brazil,BR,BRA,57163
"Sao Borja",-28.6606,-56.0044,Brazil,BR,BRA,59613
Canela,-29.36,-50.81,Brazil,BR,BRA,60806
Maldonado,-34.9088,-54.9581,Uruguay,UY,URY,62592
"Telemaco Borba",-24.3239,-50.6156,Brazil,BR,BRA,58880
"Santa Rosa",-27.8708,-54.4814,Brazil,BR,BRA,59281
"Rafael Calzada",-34.7833,-58.3667,Argentina,AR,ARG,57351
Caico,-6.4596,-37.1,Brazil,BR,BRA,54934
Janauba,-15.8025,-43.3089,Brazil,BR,BRA,56572
Guanambi,-14.2233,-42.7814,Brazil,BR,BRA,58877
Ariquemes,-9.9396,-63.08,Brazil,BR,BRA,58096
Yopal,5.347,-72.406,Colombia,CO,COL,61029
Vacaria,-28.5122,-50.9339,Brazil,BR,BRA,56765
Melo,-32.3595,-54.18,Uruguay,UY,URY,55494
"Sao Gabriel",-30.3364,-54.32,Brazil,BR,BRA,55434
"Sao Jose de Ribamar",-2.55,-44.07,Brazil,BR,BRA,55265
Estancia,-11.2683,-37.4383,Brazil,BR,BRA,55654
Arcoverde,-8.42,-37.07,Brazil,BR,BRA,57163
Itapipoca,-3.4995,-39.58,Brazil,BR,BRA,55784
Serrinha,-11.6642,-39.0075,Brazil,BR,BRA,56829
Concordia,-27.2342,-52.0278,Brazil,BR,BRA,55367
Formiga,-20.4644,-45.4264,Brazil,BR,BRA,56404
Viedma,-40.8,-63,Argentina,AR,ARG,59122
"Cerro de Pasco",-10.6864,-76.2625,Peru,PE,PER,58899
Tacuarembo,-31.71,-55.98,Uruguay,UY,URY,54277
Coari,-4.085,-63.1414,Brazil,BR,BRA,53305
Crateus,-5.1783,-40.6775,Brazil,BR,BRA,52933
"San Fernando",10.2833,-61.4667,"Trinidad And Tobago",TT,TTO,55419
Araguaina,-7.19,-48.21,Brazil,BR,BRA,50444
Itacoatiara,-3.1431,-58.4442,Brazil,BR,BRA,51509
"Rio Verde",-17.8196,-50.93,Brazil,BR,BRA,48318
"Barra do Garcas",-15.8796,-52.26,Brazil,BR,BRA,52398
Florida,-34.5167,-58.5,Argentina,AR,ARG,48158
"Ponte Nova",-20.4164,-42.9086,Brazil,BR,BRA,48187
"Senhor do Bonfim",-10.4614,-40.1894,Brazil,BR,BRA,48471
Itaberaba,-12.5275,-40.3069,Brazil,BR,BRA,47301
Quixada,-4.9714,-39.0153,Brazil,BR,BRA,49328
Breves,-1.6822,-50.4803,Brazil,BR,BRA,47164
Tulcan,0.8117,-77.7186,Ecuador,EC,ECU,53558
"Barra do Corda",-5.5031,-45.2369,Brazil,BR,BRA,48901
Leopoldina,-21.5319,-42.6431,Brazil,BR,BRA,46742
Aracati,-4.5617,-37.7697,Brazil,BR,BRA,44293
Floriano,-6.7669,-43.0225,Brazil,BR,BRA,48587
"Campo Belo",-20.8896,-45.28,Brazil,BR,BRA,47491
Cameta,-2.2396,-49.51,Brazil,BR,BRA,45200
Itamaraju,-17.0392,-39.5311,Brazil,BR,BRA,47628
Camocim,-2.9022,-40.8411,Brazil,BR,BRA,44481
Capanema,-1.1958,-47.1808,Brazil,BR,BRA,47766
Longchamps,-34.8596,-58.387,Argentina,AR,ARG,47622
Guaxupe,-21.3053,-46.7128,Brazil,BR,BRA,47889
"La Reja",-34.6394,-58.8283,Argentina,AR,ARG,47839
Goianesia,-15.3175,-49.1175,Brazil,BR,BRA,47883
"Villa Alsina",-34.6667,-58.4167,Argentina,AR,ARG,41155
"Bom Jesus da Lapa",-13.2495,-43.44,Brazil,BR,BRA,40691
Moyobamba,-6.0333,-76.9667,Peru,PE,PER,50073
Coyhaique,-45.5712,-72.0685,Chile,CL,CHL,49667
Huancavelica,-12.785,-74.9714,Peru,PE,PER,49570
Brumado,-14.2036,-41.6653,Brazil,BR,BRA,41989
Couva,10.4167,-61.45,"Trinidad And Tobago",TT,TTO,48858
Caninde,-4.3589,-39.3117,Brazil,BR,BRA,42720
"San Isidro",-34.4667,-58.5167,Argentina,AR,ARG,43595
Piripiri,-4.2733,-41.7769,Brazil,BR,BRA,44864
"Jose Marmol",-34.7833,-58.3667,Argentina,AR,ARG,41109
Inhumas,-16.3578,-49.4961,Brazil,BR,BRA,44058
"Nueva Loja",0.0844,-76.8911,Ecuador,EC,ECU,48562
Mercedes,-33.25,-58.0319,Uruguay,UY,URY,41974
"New Amsterdam",6.25,-57.5167,Guyana,GY,GUY,46874
Chitre,7.9667,-80.4333,Panama,PA,PAN,46191
Salgueiro,-8.0742,-39.1192,Brazil,BR,BRA,42152
Santiago,8.1004,-80.9833,Panama,PA,PAN,45955
Cobija,-11.0183,-68.7537,Bolivia,BO,BOL,46267
Penedo,-10.2903,-36.5864,Brazil,BR,BRA,42097
Ararangua,-28.9357,-49.4954,Brazil,BR,BRA,43444
Frutal,-20.0247,-48.9406,Brazil,BR,BRA,40931
Artigas,-30.4667,-56.4667,Uruguay,UY,URY,40658
"Palmeira dos Indios",-9.4166,-36.6166,Brazil,BR,BRA,41095
Jaguaquara,-13.53,-39.97,Brazil,BR,BRA,41498
Pinheiro,-2.5196,-45.09,Brazil,BR,BRA,38893
Russas,-4.9403,-37.9758,Brazil,BR,BRA,39465
Lecherias,10.1889,-64.6951,Venezuela,VE,VEN,37829
Haedo,-34.65,-58.6,Argentina,AR,ARG,37745
Munro,-34.5333,-58.5167,Argentina,AR,ARG,35844
Mineiros,-17.5694,-52.5511,Brazil,BR,BRA,38951
Remanso,-9.5996,-42.11,Brazil,BR,BRA,37945
Nanuque,-17.8392,-40.3539,Brazil,BR,BRA,37824
Diamantina,-18.24,-43.61,Brazil,BR,BRA,37343
Minas,-34.3667,-55.2333,Uruguay,UY,URY,38446
Xique-Xique,-10.8229,-42.7281,Brazil,BR,BRA,35433
"Itapecuru Mirim",-3.3925,-44.3586,Brazil,BR,BRA,34943
"Dock Sur",-34.6417,-58.3478,Argentina,AR,ARG,35897
Joacaba,-27.17,-51.5,Brazil,BR,BRA,38876
"San Jose",-34.3333,-56.7167,Uruguay,UY,URY,36747
Laguna,-28.48,-48.78,Brazil,BR,BRA,39711
Coroata,-4.13,-44.1242,Brazil,BR,BRA,34129
"Villa Adelina",-34.5175,-58.5475,Argentina,AR,ARG,35307
Villarrica,-25.75,-56.4333,Paraguay,PY,PRY,41157
Oriximina,-1.7656,-55.8661,Brazil,BR,BRA,35581
"Puerto Francisco de Orellana",-0.4625,-76.9842,Ecuador,EC,ECU,40730
Barreiros,-8.8183,-35.1864,Brazil,BR,BRA,35565
"Rosario do Sul",-30.2583,-54.9142,Brazil,BR,BRA,36721
Maues,-3.3896,-57.72,Brazil,BR,BRA,32561
"Santa Elena",-2.2267,-80.8583,Ecuador,EC,ECU,39681
Cristalina,-16.7677,-47.6153,Brazil,BR,BRA,36531
Florida,-34.1,-56.2167,Uruguay,UY,URY,33640
Durazno,-33.3833,-56.5167,Uruguay,UY,URY,34372
"Sao Francisco do Sul",-26.2433,-48.6381,Brazil,BR,BRA,36224
Januaria,-15.4886,-44.36,Brazil,BR,BRA,34811
Morrinhos,-17.7311,-49.0994,Brazil,BR,BRA,34143
Jacarezinho,-23.1606,-49.9694,Brazil,BR,BRA,35090
Trujillo,9.3667,-70.4331,Venezuela,VE,VEN,38110
"Capitao Poco",-1.7464,-47.0594,Brazil,BR,BRA,32704
"Salto del Guaira",-24.02,-54.34,Paraguay,PY,PRY,37600
Bocaiuva,-17.1078,-43.815,Brazil,BR,BRA,32114
Osorio,-29.8867,-50.2697,Brazil,BR,BRA,34628
"Campo Maior",-4.8278,-42.1686,Brazil,BR,BRA,31739
Paranaiba,-19.6772,-51.1908,Brazil,BR,BRA,32217
"La Asuncion",11.0333,-63.8833,Venezuela,VE,VEN,35084
"San Pedro de Ycuamandiyu",-24.1,-57.0833,Paraguay,PY,PRY,35021
Tucano,-10.9582,-38.7908,Brazil,BR,BRA,31203
Almenara,-16.17,-40.7,Brazil,BR,BRA,29333
"Villa Celina",-34.7006,-58.4825,Argentina,AR,ARG,30000
"Santa Cruz",-6.22,-36.03,Brazil,BR,BRA,27775
"Barra do Bugres",-15.0725,-57.1811,Brazil,BR,BRA,31311
Azogues,-2.7333,-78.8333,Ecuador,EC,ECU,33848
Ico,-6.4,-38.85,Brazil,BR,BRA,28323
"Sao Luis Gonzaga",-28.4083,-54.9608,Brazil,BR,BRA,31798
Ubaitaba,-14.3,-39.33,Brazil,BR,BRA,28375
"Barros Blancos",-34.7542,-56.0042,Uruguay,UY,URY,31650
Iturama,-19.73,-50.2,Brazil,BR,BRA,29805
Obidos,-1.91,-55.52,Brazil,BR,BRA,27587
Adrogue,-34.8,-58.3833,Argentina,AR,ARG,28265
"Presidente Dutra",-5.29,-44.49,Brazil,BR,BRA,30330
Pilar,-26.8569,-58.3039,Paraguay,PY,PRY,32810
Leticia,-4.215,-69.9411,Colombia,CO,COL,32450
Chachapoyas,-6.2167,-77.85,Peru,PE,PER,32026
Niquelandia,-14.4696,-48.47,Brazil,BR,BRA,27541
Acarau,-2.8896,-40.12,Brazil,BR,BRA,28389
Rawson,-43.3,-65.1,Argentina,AR,ARG,31787
Alenquer,-1.9396,-54.79,Brazil,BR,BRA,26290
Ipu,-4.3196,-40.7201,Brazil,BR,BRA,26678
Miracema,-21.41,-42.2,Brazil,BR,BRA,26684
Viana,-3.2096,-45,Brazil,BR,BRA,26689
Ipora,-16.45,-51.13,Brazil,BR,BRA,28254
Pando,-34.7167,-55.9583,Uruguay,UY,URY,25949
"Santa Vitoria do Palmar",-33.52,-53.37,Brazil,BR,BRA,27775
"Conceicao do Araguaia",-8.25,-49.29,Brazil,BR,BRA,27115
Avellaneda,-34.6625,-58.3678,Argentina,AR,ARG,24313
"Nova Cruz",-6.4696,-35.44,Brazil,BR,BRA,23166
Portel,-1.95,-50.82,Brazil,BR,BRA,21315
Colinas,-6.0395,-44.24,Brazil,BR,BRA,25158
"Vicente Lopez",-34.5333,-58.475,Argentina,AR,ARG,22419
Granja,-3.1195,-40.84,Brazil,BR,BRA,25879
"Treinta y Tres",-33.2308,-54.3822,Uruguay,UY,URY,25477
Linden,6,-58.3,Guyana,GY,GUY,29298
Rocha,-34.4833,-54.35,Uruguay,UY,URY,25422
"Colonia del Sacramento",-34.4714,-57.8442,Uruguay,UY,URY,26231
Penonome,8.51,-80.36,Panama,PA,PAN,28766
"Sao Lourenco do Sul",-31.37,-51.98,Brazil,BR,BRA,25340
"Pimenta Bueno",-11.64,-61.21,Brazil,BR,BRA,25762
Tapiales,-34.7058,-58.5047,Argentina,AR,ARG,23586
Mitu,1.2503,-70.235,Colombia,CO,COL,28382
"Pires do Rio",-17.2995,-48.28,Brazil,BR,BRA,24822
Lapa,-25.76,-49.73,Brazil,BR,BRA,25621
Itambe,-15.2396,-40.63,Brazil,BR,BRA,23558
"Santa Maria da Vitoria",-13.39,-44.21,Brazil,BR,BRA,23488
"Don Bosco",-34.7,-58.2833,Argentina,AR,ARG,20876
"Rolim de Moura",-11.7302,-61.7806,Brazil,BR,BRA,24516
Itaberai,-16.02,-49.81,Brazil,BR,BRA,22129
Viseu,-1.1965,-46.14,Brazil,BR,BRA,18958
Apodi,-5.65,-37.8,Brazil,BR,BRA,16757
Eirunepe,-6.66,-69.8738,Brazil,BR,BRA,21750
Jardim,-21.4799,-56.15,Brazil,BR,BRA,23780
Itupiranga,-5.12,-49.3,Brazil,BR,BRA,21301
Baturite,-4.3296,-38.88,Brazil,BR,BRA,22417
"Fray Bentos",-33.1333,-58.3,Uruguay,UY,URY,24406
Canelones,-34.538,-56.284,Uruguay,UY,URY,19698
Puyo,-1.483,-77.987,Ecuador,EC,ECU,24881
Paracuru,-3.3995,-39.04,Brazil,BR,BRA,21196
"Villa Sarmiento",-34.6333,-58.5667,Argentina,AR,ARG,17481
Barras,-4.25,-42.3,Brazil,BR,BRA,21597
Guaranda,-1.6056,-79.0031,Ecuador,EC,ECU,23874
Tena,-0.989,-77.8159,Ecuador,EC,ECU,23307
"Bella Union",-30.26,-57.5992,Uruguay,UY,URY,19100
Caacupe,-25.387,-57.14,Paraguay,PY,PRY,21696
Mocoa,1.15,-76.63,Colombia,CO,COL,22035
"Aldo Bonzi",-34.7083,-58.5181,Argentina,AR,ARG,18175
Carmelo,-33.9999,-58.2847,Uruguay,UY,URY,18041
"Santa Lucia",-34.4525,-56.3964,Uruguay,UY,URY,16742
Ceres,-15.3033,-49.6052,Brazil,BR,BRA,18759
Dolores,-33.5333,-58.2167,Uruguay,UY,URY,15753
Macas,-2.3,-78.1167,Ecuador,EC,ECU,18984
Paraguari,-25.62,-57.16,Paraguay,PY,PRY,18881
Pedreiras,-4.5696,-44.67,Brazil,BR,BRA,13638
"Sao Gabriel da Cachoeira",-0.1332,-67.0833,Brazil,BR,BRA,15231
Tunapuna,10.6333,-61.3833,"Trinidad And Tobago",TT,TTO,17650
"Puerto Carreno",6.1889,-67.4858,Colombia,CO,COL,16763
"Villa Hayes",-25.09,-57.53,Paraguay,PY,PRY,15643
Bartica,6.4,-58.6167,Guyana,GY,GUY,8532
"Nieuw Nickerie",5.9261,-56.9731,Suriname,SR,SUR,12818
"Novo Airao",-2.6208,-60.9438,Brazil,BR,BRA,9049
"Nueva Palmira",-33.87,-58.408,Uruguay,UY,URY,9857
Zamora,-4.0692,-78.9567,Ecuador,EC,ECU,12386
Sinop,-11.85,-55.46,Brazil,BR,BRA,8961
Chuy,-33.6833,-53.45,Uruguay,UY,URY,9675
"Porto Nacional",-10.7,-48.4199,Brazil,BR,BRA,9129
Rosario,-34.3139,-57.3525,Uruguay,UY,URY,9311
Rosario,-2.94,-44.26,Brazil,BR,BRA,6798
Tocantinopolis,-6.3196,-47.42,Brazil,BR,BRA,8750
Filadelfia,-22.34,-60.03,Paraguay,PY,PRY,10470
Lascano,-33.6731,-54.2078,Uruguay,UY,URY,7645
Castillos,-34.1989,-53.8575,Uruguay,UY,URY,7541
"Las Tablas",7.7667,-80.2833,Panama,PA,PAN,9255
Sauce,-34.6469,-56.0628,Uruguay,UY,URY,6132
Inirida,3.854,-67.9061,Colombia,CO,COL,9065
Brokopondo,5.0404,-55.02,Suriname,SR,SUR,8340
"San Juan Bautista",-26.68,-57.15,Paraguay,PY,PRY,7882
Xinguara,-7.1006,-49.948,Brazil,BR,BRA,4047
Tala,-34.3436,-55.7617,Uruguay,UY,URY,5089
Caazapa,-26.2,-56.38,Paraguay,PY,PRY,5504
Albina,5.5,-54.05,Suriname,SR,SUR,5247
"Nieuw Amsterdam",5.91,-55.07,Suriname,SR,SUR,4935
Groningen,5.797,-55.481,Suriname,SR,SUR,3216
Lethem,3.3833,-59.8,Guyana,GY,GUY,3000
Mabaruma,8.2,-59.7833,Guyana,GY,GUY,2972
Arima,10.6374,-61.2823,"Trinidad And Tobago",TT,TTO,
"Fuerte Olimpo",-21.0696,-57.9,Paraguay,PY,PRY,2475
Onverwacht,5.6,-55.2,Suriname,SR,SUR,2105
"La Palma",8.3982,-78.1402,Panama,PA,PAN,1845
Totness,5.8904,-56.32,Suriname,SR,SUR,1685
Vreed-en-Hoop,6.8,-58.1833,Guyana,GY,GUY,
Aregua,-25.3125,-57.3847,Paraguay,PY,PRY,
Scarborough,11.1811,-60.7333,"Trinidad And Tobago",TT,TTO,
"Diego Martin",10.7208,-61.5662,"Trinidad And Tobago",TT,TTO,
"Point Fortin",10.1741,-61.6841,"Trinidad And Tobago",TT,TTO,
Aranguez,10.6472,-61.4461,"Trinidad And Tobago",TT,TTO,
Debe,10.2,-61.45,"Trinidad And Tobago",TT,TTO,
Siparia,10.1453,-61.5074,"Trinidad And Tobago",TT,TTO,
"Princes Town",10.2718,-61.371,"Trinidad And Tobago",TT,TTO,
Lelydorp,5.7,-55.2333,Suriname,SR,SUR,
"Sangre Grande",10.5667,-61.1333,"Trinidad And Tobago",TT,TTO,
"Fort Wellington",6.3909,-57.6038,Guyana,GY,GUY,
"Rio Claro",10.3059,-61.1756,"Trinidad And Tobago",TT,TTO,
Gaigirgordub,9.55,-78.9667,Panama,PA,PAN,10
Mahdia,5.2667,-59.15,Guyana,GY,GUY,
"Union Choco",8.0778,-77.5583,Panama,PA,PAN,
Leme,-22.1858,-47.39,Brazil,BR,BRA,99388
Zarate,-34.0833,-59.0333,Argentina,AR,ARG,98522
Paulinia,-22.7611,-47.1542,Brazil,BR,BRA,97702
Arapongas,-23.41,-51.43,Brazil,BR,BRA,97512
Tubarao,-28.4669,-49.0069,Brazil,BR,BRA,97235
Yacuiba,-22.0139,-63.6778,Bolivia,BO,BOL,97296
Ituiutaba,-19.0151,-49.5504,Brazil,BR,BRA,97171
Rubio,7.7,-72.35,Venezuela,VE,VEN,95041
Trelew,-43.2533,-65.3094,Argentina,AR,ARG,93442
Coronel,-37.03,-73.16,Chile,CL,CHL,92940
Rafaela,-31.2667,-61.4833,Argentina,AR,ARG,92945
Itaituba,-4.2761,-55.9836,Brazil,BR,BRA,92308
"Mogi Mirim",-22.4319,-46.9578,Brazil,BR,BRA,91483
Votuporanga,-20.4228,-49.9728,Brazil,BR,BRA,91278
Cacapava,-23.1008,-45.7069,Brazil,BR,BRA,91162
Quillota,-32.8799,-71.2474,Chile,CL,CHL,90517
Cantaura,9.3005,-64.3564,Venezuela,VE,VEN,89552
Chosica,-11.9431,-76.7094,Peru,PE,PER,88606
"Sao Joao da Boa Vista",-21.9689,-46.7978,Brazil,BR,BRA,89027
"La Grita",8.1333,-71.9833,Venezuela,VE,VEN,88450
Maiquetia,10.5958,-66.9772,Venezuela,VE,VEN,87909
Pergamino,-33.8836,-60.5669,Argentina,AR,ARG,87652
"Nova Lima",-19.9858,-43.8469,Brazil,BR,BRA,87000
Campana,-34.1667,-58.9167,Argentina,AR,ARG,86860
Tumaco,1.81,-78.81,Colombia,CO,COL,86713
Catalao,-18.17,-47.9419,Brazil,BR,BRA,86647
Ubatuba,-23.4339,-45.0708,Brazil,BR,BRA,86392
"San Antonio",-33.5809,-71.6132,Chile,CL,CHL,86239
Olavarria,-36.9,-60.3333,Argentina,AR,ARG,86320
Junin,-34.5939,-60.9464,Argentina,AR,ARG,85007
Aruja,-23.3967,-46.3211,Brazil,BR,BRA,83939
Ocana,8.2404,-73.35,Colombia,CO,COL,83511
"Santana do Livramento",-30.8908,-55.5328,Brazil,BR,BRA,83324
"Sao Sebastiao",-23.76,-45.41,Brazil,BR,BRA,83020
Pilar,-34.4588,-58.9142,Argentina,AR,ARG,81120
"Presidencia Roque Saenz Pena",-26.7833,-60.45,Argentina,AR,ARG,81879
Lujan,-34.5796,-59.11,Argentina,AR,ARG,81749
"Campo Limpo",-23.2064,-46.7844,Brazil,BR,BRA,80847
Matao,-21.6033,-48.3658,Brazil,BR,BRA,81439
"Gobernador Galvez",-33.0251,-60.6337,Argentina,AR,ARG,80769
Necochea,-38.56,-58.75,Argentina,AR,ARG,80478
Andahuaylas,-13.6575,-73.3833,Peru,PE,PER,80000
"San Carlos del Zulia",9,-71.95,Venezuela,VE,VEN,80000
"Villa Maria",-32.4103,-63.2314,Argentina,AR,ARG,79356
Huaral,-11.5,-77.2167,Peru,PE,PER,79011
Bebedouro,-20.9494,-48.4792,Brazil,BR,BRA,77627
Ibiuna,-23.6564,-47.2225,Brazil,BR,BRA,76432
"Venado Tuerto",-33.75,-61.9667,Argentina,AR,ARG,76432
Sangolqui,-0.3344,-78.4475,Ecuador,EC,ECU,75080
Lins,-21.6786,-49.7425,Brazil,BR,BRA,76092
Jabuticabal,-21.255,-48.3219,Brazil,BR,BRA,75820
Ovalle,-30.6031,-71.203,Chile,CL,CHL,75864
Piracununga,-21.9961,-47.4258,Brazil,BR,BRA,74587
"San Ramon de la Nueva Oran",-23.1361,-64.3222,Argentina,AR,ARG,74059
Riberalta,-10.983,-66.1,Bolivia,BO,BOL,74014
Linares,-35.8454,-71.5979,Chile,CL,CHL,73602
Vinhedo,-23.03,-46.975,Brazil,BR,BRA,72550
Itapira,-22.4361,-46.8217,Brazil,BR,BRA,72967
"Tres Coracoes",-21.6947,-45.2553,Brazil,BR,BRA,72765
"Concepcion del Uruguay",-32.4833,-58.2333,Argentina,AR,ARG,72528
Goya,-29.1333,-59.25,Argentina,AR,ARG,72304
"Villa Tunari",-16.9725,-65.42,Bolivia,BO,BOL,71386
Cabudare,10.0331,-69.2633,Venezuela,VE,VEN,70578
Reconquista,-29.1443,-59.6438,Argentina,AR,ARG,70549
"Villa del Rosario",7.8353,-72.4736,Colombia,CO,COL,69833
Guajara-Mirim,-10.8,-65.3499,Brazil,BR,BRA,69586
Chulucanas,-5.1092,-80.1625,Peru,PE,PER,68835
Mococa,-21.4678,-47.0047,Brazil,BR,BRA,68797
Sabanalarga,10.64,-74.92,Colombia,CO,COL,68535
Fernandopolis,-20.2839,-50.2458,Brazil,BR,BRA,68120
"Los Andes",-32.8337,-70.5982,Chile,CL,CHL,68093
Embu-Guacu,-23.8322,-46.8117,Brazil,BR,BRA,67296
Pelileo,-1.3306,-78.5428,Ecuador,EC,ECU,66836
Cosmopolis,-22.6458,-47.1961,Brazil,BR,BRA,66807
"Rio Negro",-26.1,-49.79,Brazil,BR,BRA,65597
"Las Heras",-32.825,-68.8017,Argentina,AR,ARG,66663
Ilo,-17.6486,-71.3306,Peru,PE,PER,66118
"Lencois Paulista",-22.5986,-48.8003,Brazil,BR,BRA,66131
Obera,-27.4833,-55.1333,Argentina,AR,ARG,66112
Tupa,-21.935,-50.5139,Brazil,BR,BRA,65651
Daule,-1.8667,-79.9833,Ecuador,EC,ECU,65145
Caripito,10.111,-63.1048,Venezuela,VE,VEN,64955
Ji-Parana,-10.8333,-61.967,Brazil,BR,BRA,65016
"San Felipe",-32.7507,-70.7251,Chile,CL,CHL,64120
"Chincha Alta",-13.45,-76.1333,Peru,PE,PER,63671
Balboa,8.9571,-79.5593,Panama,PA,PAN,62882
Yurimaguas,-5.9,-76.0833,Peru,PE,PER,62903
"Cruz Alta",-28.6386,-53.6064,Brazil,BR,BRA,62821
"Villa Carlos Paz",-31.4,-64.5167,Argentina,AR,ARG,62423
Penapolis,-21.42,-50.0778,Brazil,BR,BRA,62071
Zaraza,9.3394,-65.3167,Venezuela,VE,VEN,62027
"San Francisco",-31.4356,-62.0714,Argentina,AR,ARG,62000
"San Antonio del Tachira",7.8145,-72.4431,Venezuela,VE,VEN,61630
Sarandi,-34.6833,-58.3333,Argentina,AR,ARG,60752
Carazinho,-28.2839,-52.7864,Brazil,BR,BRA,59417
"El Carmen de Bolivar",9.7204,-75.13,Colombia,CO,COL,60980
Tartagal,-22.5,-63.8333,Argentina,AR,ARG,60819
Batatais,-20.8911,-47.585,Brazil,BR,BRA,60589
Chajari,-30.7667,-57.9833,Argentina,AR,ARG,60000
Lambayeque,-6.7,-79.9,Peru,PE,PER,58276
"San Pedro",-24.2196,-64.87,Argentina,AR,ARG,58430
"San Fernando",-34.5839,-70.9891,Chile,CL,CHL,58367
Mirassol,-20.8189,-49.5208,Brazil,BR,BRA,57857
Ibitinga,-21.7578,-48.8289,Brazil,BR,BRA,57649
Sicuani,-14.2694,-71.2261,Peru,PE,PER,57551
"Nova Odessa",-22.7797,-47.2962,Brazil,BR,BRA,56764
Andradina,-20.8654,-51.3157,Brazil,BR,BRA,57250
"Punta Alta",-38.88,-62.08,Argentina,AR,ARG,57209
"General Pico",-35.6667,-63.7333,Argentina,AR,ARG,57029
"Nova Vicosa",-17.8919,-39.3719,Brazil,BR,BRA,55980
"Cruzeiro do Sul",-7.63,-72.67,Brazil,BR,BRA,56862
Garzon,2.2104,-75.65,Colombia,CO,COL,56603
Taquaritinga,-21.4058,-48.505,Brazil,BR,BRA,56587
Bertioga,-23.8539,-46.1389,Brazil,BR,BRA,56555
Registro,-24.4878,-47.8439,Brazil,BR,BRA,56280
Boituva,-23.2833,-47.6722,Brazil,BR,BRA,55725
Azul,-36.7833,-59.85,Argentina,AR,ARG,55728
"Monte Mor",-22.9467,-47.315,Brazil,BR,BRA,55409
Camaqua,-30.8511,-51.8122,Brazil,BR,BRA,53169
"Porto Ferreira",-21.8539,-47.4789,Brazil,BR,BRA,54761
Chota,-6.5614,-78.6486,Peru,PE,PER,54611
"El Banco",9.0003,-73.98,Colombia,CO,COL,54522
Chivilcoy,-34.9,-60.0167,Argentina,AR,ARG,54514
"Sao Jose do Rio Pardo",-21.5958,-46.8889,Brazil,BR,BRA,54388
Chiquinquira,5.6204,-73.8199,Colombia,CO,COL,53975
Itupeva,-23.1531,-47.0578,Brazil,BR,BRA,54128
Tarma,-11.4167,-75.6833,Peru,PE,PER,54078
"Guillermo E. Hudson",-34.7903,-58.1486,Argentina,AR,ARG,52697
Pamplona,7.3904,-72.66,Colombia,CO,COL,53587
Upata,8.0204,-62.41,Venezuela,VE,VEN,53685
Olimpia,-20.7369,-48.915,Brazil,BR,BRA,53360
Capivari,-22.995,-47.5078,Brazil,BR,BRA,53152
Angol,-37.7988,-72.7086,Chile,CL,CHL,53262
Pasaje,-3.3269,-79.8049,Ecuador,EC,ECU,52673
Mercedes,-34.65,-59.4333,Argentina,AR,ARG,52949
Lorica,9.2419,-75.816,Colombia,CO,COL,52771
Chone,-0.6833,-80.1,Ecuador,EC,ECU,52810
Mongagua,-24.0869,-46.6289,Brazil,BR,BRA,52492
Jaen,-5.6992,-78.8009,Peru,PE,PER,52493
Pacora,9.08,-79.28,Panama,PA,PAN,52494
Jaguariuna,-22.68,-46.99,Brazil,BR,BRA,51907
Tefe,-3.3684,-64.7205,Brazil,BR,BRA,51437
"Cruz del Eje",-30.7333,-64.8,Argentina,AR,ARG,52172
"Porto Feliz",-23.215,-47.5239,Brazil,BR,BRA,51928
"Caleta Olivia",-46.4333,-67.5333,Argentina,AR,ARG,51733
"El Talar de Pacheco",-34.4719,-58.655,Argentina,AR,ARG,50426
"Campos do Jordao",-22.7394,-45.5914,Brazil,BR,BRA,50852
Turbo,8.1004,-76.74,Colombia,CO,COL,50508
Arjona,10.26,-75.35,Colombia,CO,COL,50405
"Sao Joaquim da Barra",-20.5808,-47.855,Brazil,BR,BRA,50110
Itarare,-24.1125,-49.3317,Brazil,BR,BRA,50105
Villaguay,-31.85,-59.0167,Argentina,AR,ARG,49445
"Libertador General San Martin",-23.8,-64.7833,Argentina,AR,ARG,49267
"Santa Rosa",-3.4522,-79.9617,Ecuador,EC,ECU,48929
Jales,-20.2689,-50.5458,Brazil,BR,BRA,48922
Huaquillas,-3.4803,-80.2317,Ecuador,EC,ECU,47706
Sanare,9.7822,-69.7931,Venezuela,VE,VEN,48764
"Rio Grande da Serra",-23.7439,-46.3978,Brazil,BR,BRA,48302
"Alta Gracia",-31.6667,-64.4333,Argentina,AR,ARG,48140
"San Lorenzo",-28.12,-58.77,Argentina,AR,ARG,47626
Irati,-25.4672,-50.6511,Brazil,BR,BRA,45830
"Capao Bonito",-24.0058,-48.3494,Brazil,BR,BRA,47486
"Villa Constitucion",-33.2333,-60.3333,Argentina,AR,ARG,47374
"Tres Arroyos",-38.3667,-60.2667,Argentina,AR,ARG,47136
Cabreuva,-23.3075,-47.1331,Brazil,BR,BRA,46528
"Santa Cruz do Rio Pardo",-22.8989,-49.6328,Brazil,BR,BRA,46633
"Rio Tercero",-32.1768,-64.113,Argentina,AR,ARG,46421
Montecristi,-1.05,-80.6667,Ecuador,EC,ECU,46312
"Tingo Maria",-9.3015,-76.0361,Peru,PE,PER,46191
Mairinque,-23.5464,-47.1836,Brazil,BR,BRA,46015
Pontal,-21.0225,-48.0372,Brazil,BR,BRA,45978
Dracena,-21.4825,-51.5328,Brazil,BR,BRA,45847
"Cerquilho Velho",-23.165,-47.7436,Brazil,BR,BRA,45142
Pinamar,-37.1,-56.85,Argentina,AR,ARG,45000
Imbituba,-28.2296,-48.66,Brazil,BR,BRA,43450
Pederneiras,-22.3517,-48.775,Brazil,BR,BRA,44910
Vallenar,-28.57,-70.76,Chile,CL,CHL,44895
"Paraguacu Paulista",-22.4197,-50.5797,Brazil,BR,BRA,44794
Louveira,-23.0864,-46.9506,Brazil,BR,BRA,43862
Garca,-22.2153,-49.6511,Brazil,BR,BRA,44532
Pinhal,-22.1908,-46.7408,Brazil,BR,BRA,43897
Castro,-24.7893,-50.0123,Brazil,BR,BRA,42091
"Salto de Pirapora",-23.6489,-47.5728,Brazil,BR,BRA,43574
Lota,-37.0944,-73.1563,Chile,CL,CHL,43272
"Presidente Epitacio",-21.7633,-52.1156,Brazil,BR,BRA,43535
Canoinhas,-26.1772,-50.39,Brazil,BR,BRA,41498
Esperanza,-31.4167,-60.9333,Argentina,AR,ARG,43300
Gualeguay,-33.15,-59.3167,Argentina,AR,ARG,43009
Samborondon,-1.9611,-79.7256,Ecuador,EC,ECU,42637
Orlandia,-20.7203,-47.8867,Brazil,BR,BRA,42678
Alerce,-41.3969,-72.9037,Chile,CL,CHL,42267
Tome,-36.6171,-72.9575,Chile,CL,CHL,42312
Itapolis,-21.5958,-48.8128,Brazil,BR,BRA,42343
"Alta Floresta",-9.9,-55.91,Brazil,BR,BRA,40466
Chapadinha,-3.7417,-43.3603,Brazil,BR,BRA,40804
Jardinopolis,-21.0178,-47.7639,Brazil,BR,BRA,41799
Ita,-25.5096,-57.36,Paraguay,PY,PRY,41090
"El Tocuyo",9.7822,-69.7931,Venezuela,VE,VEN,41327
Aquidauana,-20.4711,-55.7872,Brazil,BR,BRA,40803
Salinopolis,-0.6136,-47.3561,Brazil,BR,BRA,40998
"Bagua Grande",-5.7572,-78.4453,Peru,PE,PER,40947
Huaura,-11.1,-77.6,Peru,PE,PER,40400
"Sao Manuel",-22.7308,-48.5708,Brazil,BR,BRA,40367
Jipijapa,-1.3486,-80.5786,Ecuador,EC,ECU,40232
Tiete,-23.1019,-47.715,Brazil,BR,BRA,40194
"Altagracia de Orituco",9.8504,-66.38,Venezuela,VE,VEN,40052
Otavalo,0.2333,-78.2667,Ecuador,EC,ECU,39354
Villamontes,-21.2647,-63.4586,Bolivia,BO,BOL,39800
Socorro,-22.5908,-46.5289,Brazil,BR,BRA,39565
"Novo Horizonte",-21.4678,-49.2208,Brazil,BR,BRA,39543
"Presidente Venceslau",-21.8761,-51.8439,Brazil,BR,BRA,39407
Palmas,-26.4842,-51.9906,Brazil,BR,BRA,39150
Cayambe,0.0439,-78.1561,Ecuador,EC,ECU,39028
Balcarce,-37.8464,-58.2556,Argentina,AR,ARG,38823
Promissao,-21.5369,-49.8583,Brazil,BR,BRA,38764
Guariba,-21.36,-48.2283,Brazil,BR,BRA,38499
"Americo Brasiliense",-21.7361,-48.1114,Brazil,BR,BRA,38202
Ventanas,-1.45,-79.47,Ecuador,EC,ECU,38168
"San Jacinto de Buena Fe",-0.8932,-79.4907,Ecuador,EC,ECU,38263
Pitangueiras,-21.0094,-48.2217,Brazil,BR,BRA,38211
"Visconde do Rio Branco",-21.0103,-42.8406,Brazil,BR,BRA,37942
Acu,-5.5796,-36.9101,Brazil,BR,BRA,36125
"Aristobulo del Valle",-27.0952,-54.897,Argentina,AR,ARG,38000
Constitucion,-35.3296,-72.42,Chile,CL,CHL,37917
Juanjui,-7.1802,-76.7265,Peru,PE,PER,37715
Lampa,-33.2864,-70.8729,Chile,CL,CHL,37599
Guaira,-24.09,-54.27,Brazil,BR,BRA,36426
Esquel,-42.9,-71.3167,Argentina,AR,ARG,36687
"Barra Bonita",-22.4947,-48.5581,Brazil,BR,BRA,36321
Agudos,-22.4739,-48.9836,Brazil,BR,BRA,36524
"Nueve de Julio",-35.45,-60.8833,Argentina,AR,ARG,36494
Viru,-8.4143,-78.7524,Peru,PE,PER,36029
Guayaramerin,-10.8267,-65.3567,Bolivia,BO,BOL,36008
Salinas,-2.2083,-80.9681,Ecuador,EC,ECU,34719
"Velasco Ibarra",-1.0439,-79.6383,Ecuador,EC,ECU,35686
"La Troncal",-2.4278,-79.3389,Ecuador,EC,ECU,35259
"Jose Bonifacio",-21.0528,-49.6878,Brazil,BR,BRA,35538
Honda,5.1903,-74.75,Colombia,CO,COL,35469
Cutral-Co,-38.9333,-69.2333,Argentina,AR,ARG,35465
Yarumal,7.0306,-75.5905,Colombia,CO,COL,35315
Adamantina,-21.6847,-51.0733,Brazil,BR,BRA,35048
Casilda,-33.0442,-61.1681,Argentina,AR,ARG,35058
Aguai,-22.0603,-46.9736,Brazil,BR,BRA,34863
Chacabuco,-34.65,-60.49,Argentina,AR,ARG,34587
Cravinhos,-21.3403,-47.7294,Brazil,BR,BRA,34110
Tuquerres,1.09,-77.6199,Colombia,CO,COL,33979
Bariri,-22.0744,-48.7403,Brazil,BR,BRA,34048
"Puerto Berrio",6.4804,-74.42,Colombia,CO,COL,33983
"Bell Ville",-32.6333,-62.6833,Argentina,AR,ARG,33835
Chilecito,-29.1667,-67.5,Argentina,AR,ARG,33724
Ibate,-21.955,-47.9969,Brazil,BR,BRA,33535
Ipero,-23.3503,-47.6886,Brazil,BR,BRA,33367
Castro,-42.4824,-73.7643,Chile,CL,CHL,33417
Canavieiras,-15.675,-38.9472,Brazil,BR,BRA,33268
Bragado,-35.1167,-60.5,Argentina,AR,ARG,33222
"Forbe Oroya",-11.5333,-75.9,Peru,PE,PER,33000
Descalvado,-21.9039,-47.6189,Brazil,BR,BRA,32980
"Santa Cruz das Palmeiras",-21.8269,-47.2489,Brazil,BR,BRA,32749
"Sao Miguel Arcanjo",-23.8778,-47.9969,Brazil,BR,BRA,32769
Chancay,-11.5653,-77.2714,Peru,PE,PER,32312
"Osvaldo Cruz",-21.7967,-50.8786,Brazil,BR,BRA,32475
"La Calera",-31.3439,-64.3353,Argentina,AR,ARG,32227
"Cachoeira Paulista",-22.665,-45.0094,Brazil,BR,BRA,32294
Guararapes,-21.2608,-50.6428,Brazil,BR,BRA,32346
Ferrenafe,-6.6391,-79.788,Peru,PE,PER,31777
Ilhabela,-23.7778,-45.3578,Brazil,BR,BRA,32197
Sechura,-5.5576,-80.8223,Peru,PE,PER,32144
Yaguaron,-25.5621,-57.284,Paraguay,PY,PRY,32000
Zapala,-38.9028,-70.065,Argentina,AR,ARG,32097
Pativilca,-10.6996,-77.8,Peru,PE,PER,31905
"Santa Rita",10.5367,-71.5108,Venezuela,VE,VEN,31810
Grajau,-5.8194,-46.1386,Brazil,BR,BRA,30217
"Jesus Maria",-30.9817,-64.0942,Argentina,AR,ARG,31602
Jacareacanga,-6.2222,-57.7528,Brazil,BR,BRA,31661
Villarrica,-39.28,-72.23,Chile,CL,CHL,31602
"Morro Agudo",-20.7314,-48.0578,Brazil,BR,BRA,31620
"Santa Fe do Sul",-20.2108,-50.9258,Brazil,BR,BRA,31348
"Aracoiaba da Serra",-23.5053,-47.6142,Brazil,BR,BRA,31321
Barrinha,-21.1936,-48.1639,Brazil,BR,BRA,31230
Tiquipaya,-17.3381,-66.2189,Bolivia,BO,BOL,31264
Cauquenes,-35.9671,-72.3154,Chile,CL,CHL,31362
"Pontes e Lacerda",-15.2196,-59.35,Brazil,BR,BRA,29381
Biritiba-Mirim,-23.5728,-46.0389,Brazil,BR,BRA,31158
"Candido Mota",-22.7464,-50.3869,Brazil,BR,BRA,31131
Huamachuco,-7.8121,-78.0487,Peru,PE,PER,30835
Juquitiba,-23.9319,-47.0686,Brazil,BR,BRA,30642
Mercedes,-29.2,-58.0833,Argentina,AR,ARG,30649
Curanilahue,-37.48,-73.34,Chile,CL,CHL,30611
Victoria,-32.6167,-60.1667,Argentina,AR,ARG,30623
Ypacarai,-25.41,-57.28,Paraguay,PY,PRY,30150
Iguape,-24.7081,-47.5553,Brazil,BR,BRA,30390
Huanta,-12.9397,-74.2475,Peru,PE,PER,30234
Vinces,-1.55,-79.7333,Ecuador,EC,ECU,30241
Soledade,-28.8178,-52.51,Brazil,BR,BRA,30044
"Villa Angela",-27.5833,-60.7167,Argentina,AR,ARG,30051
"Villa Regina",-39.1,-67.0667,Argentina,AR,ARG,30028
Casma,-9.4742,-78.3106,Peru,PE,PER,30000
"Casa Branca",-21.7739,-47.0858,Brazil,BR,BRA,29877
Igarapava,-20.0383,-47.7469,Brazil,BR,BRA,29727
Rancharia,-22.2289,-50.8928,Brazil,BR,BRA,29778
Piraju,-23.1936,-49.3839,Brazil,BR,BRA,29664
"Canada de Gomez",-32.8167,-61.4,Argentina,AR,ARG,29205
Viacha,-16.6333,-68.2833,Bolivia,BO,BOL,29108
Cottica,3.8547,-54.2289,Suriname,SR,SUR,29210
"La Concordia",0.0069,-79.3958,Ecuador,EC,ECU,29003
Tame,6.4603,-71.74,Colombia,CO,COL,29099
Mirandopolis,-21.1336,-51.1017,Brazil,BR,BRA,29043
"Tocache Nuevo",-8.1886,-76.5103,Peru,PE,PER,29029
"San Javier",-35.5924,-71.7353,Chile,CL,CHL,29017
Cajati,-24.7361,-48.1228,Brazil,BR,BRA,28962
"Rosa Zarate",0.3272,-79.4689,Ecuador,EC,ECU,28928
Balzar,-1.36,-79.9,Ecuador,EC,ECU,28794
Naranjito,-2.1667,-79.4653,Ecuador,EC,ECU,28546
Naranjal,-2.6736,-79.6183,Ecuador,EC,ECU,28487
Baradero,-33.8,-59.5167,Argentina,AR,ARG,28537
"Serra Negra",-22.6119,-46.7008,Brazil,BR,BRA,28321
Guararema,-23.415,-46.035,Brazil,BR,BRA,28344
Bermejo,-22.7322,-64.3425,Bolivia,BO,BOL,28285
"Pilar do Sul",-23.8128,-47.7158,Brazil,BR,BRA,28309
Mollendo,-17.0167,-72.0167,Peru,PE,PER,28305
Ancud,-41.8682,-73.8287,Chile,CL,CHL,28162
Llallagua,-18.4231,-66.5856,Bolivia,BO,BOL,28069
Villazon,-22.091,-65.596,Bolivia,BO,BOL,28045
Camiri,-20.05,-63.52,Bolivia,BO,BOL,27961
"San Martin de los Andes",-40.1667,-71.35,Argentina,AR,ARG,27956
Jaguarao,-32.5658,-53.3758,Brazil,BR,BRA,27931
Sabaneta,8.7522,-69.9325,Venezuela,VE,VEN,27850
Jarinu,-23.1014,-46.7283,Brazil,BR,BRA,27473
"Santa Rita do Passa Quatro",-21.71,-47.4778,Brazil,BR,BRA,27502
"Sena Madureira",-9.07,-68.67,Brazil,BR,BRA,26192
"Santiago de Tolu",9.5358,-75.572,Colombia,CO,COL,27390
"Chillan Viejo",-36.6229,-72.1317,Chile,CL,CHL,27359
"Laranjal Paulista",-23.0506,-47.8376,Brazil,BR,BRA,27384
Conchal,-22.33,-47.1728,Brazil,BR,BRA,27132
Colider,-10.8173,-55.4506,Brazil,BR,BRA,27139
"Marcos Juarez",-32.7,-62.1,Argentina,AR,ARG,27004
Aripuana,-9.17,-60.64,Brazil,BR,BRA,26983
Uyuni,-20.4627,-66.824,Bolivia,BO,BOL,26958
Pacasmayo,-7.4003,-79.57,Peru,PE,PER,26125
Piracaia,-23.0539,-46.3581,Brazil,BR,BRA,26688
Pirapozinho,-22.2753,-51.5,Brazil,BR,BRA,26594
"Dois Corregos",-22.3661,-48.3803,Brazil,BR,BRA,26517
"La Union",-40.2952,-73.0822,Chile,CL,CHL,26517
"Ilha Solteira",-20.4272,-51.3436,Brazil,BR,BRA,26344
"Puerto Varas",-41.3178,-72.9827,Chile,CL,CHL,26172
Itai,-23.4178,-49.0906,Brazil,BR,BRA,26042
"Puerto Piritu",10.0667,-65.05,Venezuela,VE,VEN,25981
"San Vicente de Canete",-13.0833,-76.4,Peru,PE,PER,25829
"Pereira Barreto",-20.6383,-51.1092,Brazil,BR,BRA,25767
"Santa Rosa de Viterbo",-21.4728,-47.3628,Brazil,BR,BRA,25666
Tanabi,-20.6258,-49.6489,Brazil,BR,BRA,25467
Guanhaes,-18.78,-42.95,Brazil,BR,BRA,23727
Cajuru,-21.2753,-47.3042,Brazil,BR,BRA,25230
Apiai,-24.5097,-48.8428,Brazil,BR,BRA,25211
Dolores,-36.33,-57.69,Argentina,AR,ARG,25190
Otuzco,-7.9025,-78.5657,Peru,PE,PER,25134
Socorro,6.4603,-73.27,Colombia,CO,COL,24895
"Santo Tomas",-14.45,-72.082,Peru,PE,PER,25087
"Santa Gertrudes",-22.4569,-47.53,Brazil,BR,BRA,24737
Colon,-32.2241,-58.1419,Argentina,AR,ARG,24835
Lincoln,-34.85,-61.5167,Argentina,AR,ARG,24798
Brasileia,-11.01,-68.7478,Brazil,BR,BRA,24765
"Igaracu do Tiete",-22.5092,-48.5578,Brazil,BR,BRA,24451
"Alvares Machado",-22.0789,-51.4719,Brazil,BR,BRA,24651
"San Borja",-14.8583,-66.7475,Bolivia,BO,BOL,24610
Victoria,-38.2395,-72.34,Chile,CL,CHL,24555
Pirajui,-21.9989,-49.4569,Brazil,BR,BRA,24546
Tocopilla,-22.0941,-70.201,Chile,CL,CHL,24460
Saint-Laurent-du-Maroni,5.4976,-54.0325,"French Guiana",GF,GUF,24287
Oiapoque,3.8428,-51.835,Brazil,BR,BRA,24263
Angatuba,-23.4745,-48.4256,Brazil,BR,BRA,24161
Kourou,5.16,-52.6499,"French Guiana",GF,GUF,24029
"La Mana",-0.9417,-79.2347,Ecuador,EC,ECU,23775
Caras,-9.0483,-77.8108,Peru,PE,PER,23841
"Monte Aprazivel",-20.7728,-49.7139,Brazil,BR,BRA,23857
Aracuai,-16.8596,-42.0699,Brazil,BR,BRA,22005
Maracaju,-21.61,-55.18,Brazil,BR,BRA,22690
Ayapel,8.3304,-75.15,Colombia,CO,COL,23639
"Coronel Suarez",-37.4547,-61.9334,Argentina,AR,ARG,23621
"San Ignacio de Velasco",-16.3667,-60.95,Bolivia,BO,BOL,23569
Brodosqui,-20.9908,-47.6589,Brazil,BR,BRA,23460
Brotas,-22.2839,-48.1269,Brazil,BR,BRA,23419
"Veinticinco de Mayo",-35.4167,-60.1667,Argentina,AR,ARG,23408
Cordeiropolis,-22.4819,-47.4569,Brazil,BR,BRA,23234
"San Lorenzo de Esmeraldas",1.2864,-78.8353,Ecuador,EC,ECU,23265
Tobati,-25.26,-57.0814,Paraguay,PY,PRY,23295
Tambau,-21.705,-47.2739,Brazil,BR,BRA,23214
"Bom Jesus dos Perdoes",-23.135,-46.4653,Brazil,BR,BRA,23025
Taquarituba,-23.5328,-49.2439,Brazil,BR,BRA,23163
Tupiza,-21.4423,-65.719,Bolivia,BO,BOL,23100
Quarai,-30.3878,-56.4508,Brazil,BR,BRA,23021
"Espera Feliz",-20.65,-41.9069,Brazil,BR,BRA,22856
Patacamaya,-17.2333,-67.9167,Bolivia,BO,BOL,22858
Nazca,-14.8289,-74.9436,Peru,PE,PER,22859
Allen,-38.9772,-67.8272,Argentina,AR,ARG,22859
Catamayo,-3.9833,-79.35,Ecuador,EC,ECU,22697
Tunuyan,-33.5667,-69.0167,Argentina,AR,ARG,22834
"Cinco Saltos",-38.8167,-68.0667,Argentina,AR,ARG,22790
Iracemapolis,-22.5808,-47.5189,Brazil,BR,BRA,22557
Campoalegre,2.69,-75.33,Colombia,CO,COL,22568
Manicore,-5.8122,-61.2975,Brazil,BR,BRA,21549
"Santo Antonio de Posse",-22.6058,-46.9189,Brazil,BR,BRA,22389
Lebu,-37.6103,-73.6561,Chile,CL,CHL,22345
Colorado,-22.8378,-51.9728,Brazil,BR,BRA,22345
Camana,-16.6233,-72.7092,Peru,PE,PER,20956
Atuntaqui,0.3325,-78.2136,Ecuador,EC,ECU,21286
Laventille,10.65,-61.4833,"Trinidad And Tobago",TT,TTO,21454
Palmital,-22.7889,-50.2175,Brazil,BR,BRA,22094
Cunha,-23.0739,-44.96,Brazil,BR,BRA,22086
"Puerto Suarez",-18.9633,-57.7978,Bolivia,BO,BOL,22000
Pedernales,0.0719,-80.0508,Ecuador,EC,ECU,21910
Trinidad,-33.5333,-56.8833,Uruguay,UY,URY,21429
Casablanca,-33.3167,-71.4167,Chile,CL,CHL,21874
Miguelopolis,-20.1794,-48.0319,Brazil,BR,BRA,21728
"San Jacinto",9.8311,-75.1219,Colombia,CO,COL,21644
"Dean Funes",-30.4333,-64.35,Argentina,AR,ARG,21518
"Santa Cruz Cabralia",-16.28,-39.03,Brazil,BR,BRA,19545
Juli,-16.2125,-69.4603,Peru,PE,PER,21462
Oros,-6.2439,-38.9139,Brazil,BR,BRA,21389
Pompeia,-22.1089,-50.1719,Brazil,BR,BRA,21375
Lucelia,-21.7203,-51.0189,Brazil,BR,BRA,21196
Bastos,-21.9167,-50.7333,Brazil,BR,BRA,21067
"El Calafate",-50.3395,-72.2649,Argentina,AR,ARG,21132
"Santo Anastacio",-21.9769,-51.6519,Brazil,BR,BRA,21044
"Bahia de Caraquez",-0.6,-80.425,Ecuador,EC,ECU,20921
Chascomus,-35.575,-58.0089,Argentina,AR,ARG,21054
Guara,-20.4283,-47.8242,Brazil,BR,BRA,20911
"Pico Truncado",-46.8,-67.9667,Argentina,AR,ARG,20889
Pacatu,-11.9578,-38.975,Brazil,BR,BRA,20754
Illapel,-31.6327,-71.1683,Chile,CL,CHL,20751
"Nova Granada",-20.5339,-49.3139,Brazil,BR,BRA,20717
Sunchales,-30.9442,-61.5614,Argentina,AR,ARG,20537
Miracatu,-24.2808,-47.46,Brazil,BR,BRA,20533
Laboulaye,-34.1267,-63.3911,Argentina,AR,ARG,20534
"Puerto Quito",0.1272,-79.2531,Ecuador,EC,ECU,20445
"Pedro Carbo",-1.8167,-80.2333,Ecuador,EC,ECU,20220
Aracariguama,-23.4386,-47.0614,Brazil,BR,BRA,20114
Salamanca,-31.7796,-70.98,Chile,CL,CHL,20214
Guapiacu,-20.795,-49.22,Brazil,BR,BRA,20037
Junqueiropolis,-21.5147,-51.4336,Brazil,BR,BRA,20066
Pradopolis,-21.3594,-48.0656,Brazil,BR,BRA,19814
Castilho,-20.8722,-51.4875,Brazil,BR,BRA,19873
"General Martin Miguel de Guemes",-24.6667,-65.05,Argentina,AR,ARG,19828
"Regente Feijo",-22.2208,-51.3028,Brazil,BR,BRA,19733
"Rio Segundo",-31.6501,-63.9116,Argentina,AR,ARG,19713
"Capela do Alto",-23.4706,-47.7347,Brazil,BR,BRA,19482
Pariquera-Acu,-24.715,-47.8811,Brazil,BR,BRA,19391
Juquia,-24.3208,-47.6347,Brazil,BR,BRA,19359
"Monte Azul Paulista",-20.9072,-48.6414,Brazil,BR,BRA,19304
Paranapanema,-23.3886,-48.7228,Brazil,BR,BRA,19357
Ayaviri,-14.8818,-70.5901,Peru,PE,PER,19310
"La Ligua",-32.4494,-71.2317,Chile,CL,CHL,19127
"Cerqueira Cesar",-23.0356,-49.1661,Brazil,BR,BRA,19109
"Puerto Natales",-51.7263,-72.5062,Chile,CL,CHL,19023
Caconde,-21.5289,-46.6439,Brazil,BR,BRA,18976
Contamana,-7.3333,-75.0167,Peru,PE,PER,18921
Sonson,5.7166,-75.3166,Colombia,CO,COL,18817
"Nueva Imperial",-38.74,-72.96,Chile,CL,CHL,18777
"Engenheiro Coelho",-22.4883,-47.215,Brazil,BR,BRA,18611
Rufino,-34.2683,-62.7125,Argentina,AR,ARG,18727
"Aguas de Lindoia",-22.4758,-46.6328,Brazil,BR,BRA,18313
Charata,-27.2163,-61.2,Argentina,AR,ARG,18297
Lobos,-35.1864,-59.0961,Argentina,AR,ARG,18278
Colina,-20.7136,-48.5411,Brazil,BR,BRA,18245
Paraibuna,-23.3861,-45.6622,Brazil,BR,BRA,18125
"Diego de Almagro",-26.3696,-70.05,Chile,CL,CHL,18137
"General Juan Madariaga",-37.0167,-57.1333,Argentina,AR,ARG,18089
Itabera,-23.8619,-49.1372,Brazil,BR,BRA,18015
Requena,-5.0569,-73.8515,Peru,PE,PER,18000
"Mirante do Paranapanema",-22.2919,-51.9064,Brazil,BR,BRA,17979
Guapiara,-24.185,-48.5328,Brazil,BR,BRA,17879
"Yaguachi Nuevo",-2.12,-79.69,Ecuador,EC,ECU,17806
Jauja,-11.775,-75.5,Peru,PE,PER,16424
Jacupiranga,-24.6925,-48.0022,Brazil,BR,BRA,17851
"Nazare Paulista",-23.1808,-46.395,Brazil,BR,BRA,17794
"Las Heras",-46.55,-68.95,Argentina,AR,ARG,17821
"Pirapora do Bom Jesus",-23.3972,-47.0028,Brazil,BR,BRA,17646
"Santa Elena",-30.95,-59.8,Argentina,AR,ARG,17791
"Ribeirao Branco",-24.2208,-48.7658,Brazil,BR,BRA,17646
Arauco,-37.2463,-73.3175,Chile,CL,CHL,17597
Catriel,-37.8778,-67.7917,Argentina,AR,ARG,17584
Cafelandia,-21.8025,-49.61,Brazil,BR,BRA,17499
Conchas,-23.0134,-48.0078,Brazil,BR,BRA,17406
"Puerto Aysen",-45.4068,-72.6977,Chile,CL,CHL,17441
"Veinticinco de Mayo",-37.8,-67.6833,Argentina,AR,ARG,17430
Eldorado,-26.4,-54.6333,Argentina,AR,ARG,17365
"Fonte Boa",-2.5138,-66.0916,Brazil,BR,BRA,16060
Zarumilla,-3.5014,-80.2722,Peru,PE,PER,16971
"Cesario Lange",-23.2267,-47.9531,Brazil,BR,BRA,17163
Itirapina,-22.2528,-47.8228,Brazil,BR,BRA,17160
"Elias Fausto",-23.0588,-47.3878,Brazil,BR,BRA,17085
Pinas,-3.6806,-79.6806,Ecuador,EC,ECU,16981
Macatuba,-22.5022,-48.7114,Brazil,BR,BRA,17013
Valencia,-0.9525,-79.3531,Ecuador,EC,ECU,16983
Batuco,-33.2299,-70.8085,Chile,CL,CHL,16784
"San Jose de Chiquitos",-17.85,-60.75,Bolivia,BO,BOL,16942
Severinia,-20.8089,-48.8028,Brazil,BR,BRA,16806
"Rio Bueno",-40.3337,-72.9568,Chile,CL,CHL,16909
Guarei,-23.3728,-48.1842,Brazil,BR,BRA,16867
"Bella Vista",-22.1296,-56.52,Paraguay,PY,PRY,16852
Vallegrande,-18.4894,-64.1083,Bolivia,BO,BOL,16837
Itariri,-24.2888,-47.1332,Brazil,BR,BRA,16759
Potirendaba,-21.0428,-49.3769,Brazil,BR,BRA,16709
Salesopolis,-23.5319,-45.8458,Brazil,BR,BRA,16688
"Puerto Lopez",4.09,-72.96,Colombia,CO,COL,16678
Buritama,-21.0667,-50.1475,Brazil,BR,BRA,16583
Pedregulho,-20.2569,-47.4767,Brazil,BR,BRA,16517
Charqueada,-22.5097,-47.7781,Brazil,BR,BRA,16440
Mapiri,-15.3097,-68.2161,Bolivia,BO,BOL,16520
"Bady Bassitt",-20.9178,-49.445,Brazil,BR,BRA,16359
Pindorama,-21.1858,-48.9069,Brazil,BR,BRA,16342
Portachuelo,-17.3547,-63.3947,Bolivia,BO,BOL,16408
"La Falda",-31.0833,-64.5,Argentina,AR,ARG,16335
Collipulli,-37.96,-72.43,Chile,CL,CHL,16392
"San Martin",3.6904,-73.69,Colombia,CO,COL,16273
"San Antonio Oeste",-40.7333,-64.95,Argentina,AR,ARG,16265
"San Pedro de Lloc",-7.4267,-79.5038,Peru,PE,PER,16198
"San Gabriel",0.61,-77.84,Ecuador,EC,ECU,16066
"Puerto Pimentel",-6.8382,-79.9359,Peru,PE,PER,15552
Altinopolis,-21.0231,-47.3728,Brazil,BR,BRA,16179
Horqueta,-23.3396,-57.05,Paraguay,PY,PRY,16171
Huarmey,-10.0686,-78.1603,Peru,PE,PER,16172
Ilave,-16.0866,-69.6354,Peru,PE,PER,16033
Fartura,-23.3883,-49.51,Brazil,BR,BRA,15960
Calbuco,-41.7712,-73.1275,Chile,CL,CHL,15903
Comarapa,-17.9136,-64.5297,Bolivia,BO,BOL,15919
Tabatinga,-21.7169,-48.6878,Brazil,BR,BRA,15881
Tocantins,-21.175,-43.0178,Brazil,BR,BRA,15823
Puquio,-14.6939,-74.1241,Peru,PE,PER,15870
Atacames,0.8667,-79.8333,Ecuador,EC,ECU,15463
Loncoche,-39.3669,-72.6308,Chile,CL,CHL,15590
Ipua,-20.4381,-48.0122,Brazil,BR,BRA,15567
Borborema,-21.62,-49.0739,Brazil,BR,BRA,15569
"Colonia Nicolich",-34.8161,-56.0244,Uruguay,UY,URY,14686
Eldorado,-24.52,-48.1081,Brazil,BR,BRA,15339
Junin,-11.15,-75.9833,Peru,PE,PER,15320
"Sao Lourenco da Serra",-23.8528,-46.9428,Brazil,BR,BRA,15177
"Santa Adelia",-21.2428,-48.8039,Brazil,BR,BRA,15178
"Tupi Paulista",-21.3808,-51.5708,Brazil,BR,BRA,15153
Itajobi,-21.3178,-49.0539,Brazil,BR,BRA,15177
Punata,-17.5469,-65.8367,Bolivia,BO,BOL,14742
Triunfo,-7.8378,-38.1019,Brazil,BR,BRA,15006
Chaguarama,9.2159,-63.7523,Venezuela,VE,VEN,15000
Auriflama,-20.6858,-50.555,Brazil,BR,BRA,14961
"San Ramon",-11.1296,-75.34,Peru,PE,PER,14708
Ipaucu,-23.0569,-49.6267,Brazil,BR,BRA,14579
"Villa Yapacani",-17.4028,-63.885,Bolivia,BO,BOL,14589
"Rio Branco",-32.5969,-53.385,Uruguay,UY,URY,14604
"Santa Branca",-23.3969,-45.8839,Brazil,BR,BRA,14534
"Boa Esperanca do Sul",-21.9925,-48.3908,Brazil,BR,BRA,14546
Pinhalzinho,-22.78,-46.57,Brazil,BR,BRA,14423
"San Juan",10.65,-61.45,"Trinidad And Tobago",TT,TTO,13797
Ceres,-29.8833,-61.95,Argentina,AR,ARG,14499
Alausi,-2.19,-78.85,Ecuador,EC,ECU,14294
Ascension,-15.6996,-63.08,Bolivia,BO,BOL,14429
"Coronel Bogado",-27.17,-56.25,Paraguay,PY,PRY,14297
Vinto,-17.3972,-66.3136,Bolivia,BO,BOL,14180
Taruma,-22.7469,-50.5769,Brazil,BR,BRA,14205
Piquete,-22.6136,-45.1761,Brazil,BR,BRA,14123
"Puerto Deseado",-47.75,-65.9167,Argentina,AR,ARG,14183
Anatuya,-28.4667,-62.8333,Argentina,AR,ARG,14133
"Patrocinio Paulista",-20.6394,-47.2817,Brazil,BR,BRA,14093
"Lomas de Sargentillo",-1.8833,-80.0833,Ecuador,EC,ECU,13775
Pacaembu,-21.5622,-51.2606,Brazil,BR,BRA,13961
Tucacas,10.7978,-68.3175,Venezuela,VE,VEN,13901
"Mar de Ajo",-36.7162,-56.6766,Argentina,AR,ARG,13610
Maracai,-22.6106,-50.6672,Brazil,BR,BRA,13913
"Brejo do Cruz",-6.3258,-37.4972,Brazil,BR,BRA,13900
Guapi,2.5604,-77.86,Colombia,CO,COL,13853
Lamas,-6.4167,-76.5333,Peru,PE,PER,13693
"La Quiaca",-22.1056,-65.6,Argentina,AR,ARG,13761
Barcelos,-0.9736,-62.9269,Brazil,BR,BRA,12584
Motupe,-6.1508,-79.7208,Peru,PE,PER,13681
Quata,-22.2475,-50.6983,Brazil,BR,BRA,13702
Cajabamba,-7.6237,-78.046,Peru,PE,PER,13486
Frias,-28.6496,-65.15,Argentina,AR,ARG,13594
"Presidente Bernardes",-22.0061,-51.5531,Brazil,BR,BRA,13568
Chanaral,-29.0772,-71.4906,Chile,CL,CHL,13543
Vicuna,-30.0295,-70.74,Chile,CL,CHL,13496
Muisne,0.61,-80.02,Ecuador,EC,ECU,13393
Itapui,-22.2333,-48.7192,Brazil,BR,BRA,13328
"Paso de los Toros",-32.8181,-56.5064,Uruguay,UY,URY,12985
"Luis Antonio",-21.555,-47.7044,Brazil,BR,BRA,13378
"Joaquin V. Gonzalez",-25.0833,-64.1834,Argentina,AR,ARG,13376
Chulumani,-16.4102,-67.5255,Bolivia,BO,BOL,13204
"Serra Azul",-21.3108,-47.5658,Brazil,BR,BRA,13216
Banos,-1.3964,-78.4247,Ecuador,EC,ECU,12995
"Sete Barras",-24.3878,-47.9258,Brazil,BR,BRA,13144
Tapiratiba,-21.4678,-46.7489,Brazil,BR,BRA,13076
Piratininga,-22.4155,-49.194,Brazil,BR,BRA,13093
Macara,-4.3833,-79.95,Ecuador,EC,ECU,13035
Morungaba,-22.88,-46.7917,Brazil,BR,BRA,12934
"Ribeirao Bonito",-22.0669,-48.1758,Brazil,BR,BRA,12909
Chilca,-12.5196,-76.74,Peru,PE,PER,12884
Frutillar,-41.1258,-73.0605,Chile,CL,CHL,12876
"Tierra Amarilla",-27.48,-70.28,Chile,CL,CHL,12888
Oxapampa,-10.5775,-75.4017,Peru,PE,PER,12826
"Los Lagos",-39.8495,-72.83,Chile,CL,CHL,12813
Pichilemu,-34.3851,-72.0049,Chile,CL,CHL,12776
"Santa Ana de Yacuma",-13.7444,-65.4269,Bolivia,BO,BOL,12783
"San Francisco de Mostazal",-33.9799,-70.7122,Chile,CL,CHL,12719
"Mineiros do Tiete",-22.4089,-48.4508,Brazil,BR,BRA,12700
Joanopolis,-22.9303,-46.2756,Brazil,BR,BRA,12725
Avanhandava,-21.4608,-49.9497,Brazil,BR,BRA,12719
"San Miguel de Salcedo",-1.05,-78.5833,Ecuador,EC,ECU,12488
Duartina,-22.4144,-49.4039,Brazil,BR,BRA,12567
Cananeia,-25.015,-47.9269,Brazil,BR,BRA,12604
Taguai,-23.4519,-49.4089,Brazil,BR,BRA,12586
"Anna Regina",7.25,-58.5167,Guyana,GY,GUY,12448
Xavantes,-23.0389,-49.7094,Brazil,BR,BRA,12484
Cortes,-8.47,-35.5436,Brazil,BR,BRA,12452
"Sao Sebastiao da Grama",-21.7108,-46.8208,Brazil,BR,BRA,12355
"Palmares Paulista",-21.0828,-48.8008,Brazil,BR,BRA,12336
Palestina,-20.39,-49.4328,Brazil,BR,BRA,12231
Tabapua,-20.9639,-49.0319,Brazil,BR,BRA,12103
Alvorada,-12.47,-49.082,Brazil,BR,BRA,10232
Princetown,5.9,-57.17,Guyana,GY,GUY,12000
Chuquicamata,-22.32,-68.93,Chile,CL,CHL,11941
Ibira,-21.08,-49.2408,Brazil,BR,BRA,11861
Carahue,-38.7095,-73.17,Chile,CL,CHL,11875
Malargue,-35.4745,-69.5853,Argentina,AR,ARG,11847
Bocaina,-22.1361,-48.5181,Brazil,BR,BRA,11810
Cafayate,-26.07,-65.98,Argentina,AR,ARG,11785
Rurrenabaque,-14.4422,-67.5283,Bolivia,BO,BOL,11749
"Rio Colorado",-38.9908,-64.0958,Argentina,AR,ARG,11733
Guaicara,-21.6219,-49.7986,Brazil,BR,BRA,11633
Cerrillos,-24.8996,-65.4833,Argentina,AR,ARG,11498
Valdez,1.2671,-78.9855,Ecuador,EC,ECU,11441
"Coronel Dorrego",-38.7187,-61.2873,Argentina,AR,ARG,11510
Divinolandia,-21.6614,-46.7392,Brazil,BR,BRA,11492
"Sales Oliveira",-20.7719,-47.8378,Brazil,BR,BRA,11438
Belen,-23.4695,-57.24,Paraguay,PY,PRY,11359
"Monte Quemado",-25.7996,-62.8666,Argentina,AR,ARG,11387
Onoto,9.5958,-65.1897,Venezuela,VE,VEN,11378
"Nueva Helvecia",-34.2889,-57.2333,Uruguay,UY,URY,10630
Humahuaca,-23.2054,-65.3505,Argentina,AR,ARG,11369
Caracarai,1.8162,-61.1277,Brazil,BR,BRA,11368
Belen,-27.6496,-67.0333,Argentina,AR,ARG,11359
Nhandeara,-20.6939,-50.0378,Brazil,BR,BRA,11303
Getulina,-21.7986,-49.9286,Brazil,BR,BRA,11287
Pirangi,-21.0914,-48.6578,Brazil,BR,BRA,11220
"Capilla del Monte",-30.85,-64.5167,Argentina,AR,ARG,11181
"San Jose de Aerocuar",10.6014,-63.3278,Venezuela,VE,VEN,11162
Areiopolis,-22.6681,-48.665,Brazil,BR,BRA,11049
"Chicureo Abajo",-33.2808,-70.6366,Chile,CL,CHL,10975
Parapua,-21.7681,-50.7717,Brazil,BR,BRA,11098
Panguipulli,-39.6419,-72.3334,Chile,CL,CHL,11091
Iacanga,-21.89,-49.0247,Brazil,BR,BRA,11066
"Estiva Gerbi",-22.2708,-46.945,Brazil,BR,BRA,10873
"Pedro de Toledo",-24.275,-47.2328,Brazil,BR,BRA,10967
"General Salgado",-20.6478,-50.3608,Brazil,BR,BRA,10961
Yungay,-37.1194,-72.0189,Chile,CL,CHL,10884
"Sao Bento do Sapucai",-22.6889,-45.7308,Brazil,BR,BRA,10864
Bofete,-23.1022,-48.2578,Brazil,BR,BRA,10879
Tosagua,-0.7864,-80.2342,Ecuador,EC,ECU,10751
Rincao,-21.5869,-48.0708,Brazil,BR,BRA,10796
Guaraci,-20.4986,-48.9447,Brazil,BR,BRA,10778
Bananal,-22.6839,-44.3228,Brazil,BR,BRA,10775
"Sao Luis do Paraitinga",-23.2219,-45.31,Brazil,BR,BRA,10731
"Benito Juarez",-37.6655,-59.8,Argentina,AR,ARG,10609
Lavinia,-21.1683,-51.0397,Brazil,BR,BRA,10590
Frontera,-31.4278,-62.0619,Argentina,AR,ARG,10520
"Nova Europa",-21.7783,-48.5608,Brazil,BR,BRA,10439
Santiago,-14.1896,-75.74,Peru,PE,PER,10449
Roseira,-22.8978,-45.305,Brazil,BR,BRA,10344
Cajobi,-20.88,-48.8089,Brazil,BR,BRA,10341
Salinas,-34.7751,-55.8402,Uruguay,UY,URY,8626
"Puerto Quijarro",-17.7796,-57.77,Bolivia,BO,BOL,10392
Caldera,-27.0696,-70.83,Chile,CL,CHL,10259
Lonquimay,-38.4333,-71.2333,Chile,CL,CHL,10237
"Choele Choel",-39.2858,-65.6542,Argentina,AR,ARG,10146
Rinopolis,-21.7258,-50.7219,Brazil,BR,BRA,10133
Salaverry,-8.22,-78.99,Peru,PE,PER,10066
Satipo,-11.2522,-74.6386,Peru,PE,PER,10052
Robore,-18.3295,-59.76,Bolivia,BO,BOL,10036
Taltal,-25.4,-70.47,Chile,CL,CHL,10018
Uchoa,-20.9528,-49.175,Brazil,BR,BRA,9968
Vera,-29.4662,-60.2166,Argentina,AR,ARG,9979
Torrinha,-22.4258,-48.1689,Brazil,BR,BRA,9846
Sarapui,-23.6408,-47.825,Brazil,BR,BRA,9836
Manduri,-23.0033,-49.3219,Brazil,BR,BRA,9592
"San Justo",-30.7829,-60.5833,Argentina,AR,ARG,9607
"Palmeira d'Oeste",-20.4158,-50.7619,Brazil,BR,BRA,9596
Tombos,-20.9047,-42.0228,Brazil,BR,BRA,9537
Ouroeste,-20.0008,-50.3719,Brazil,BR,BRA,9564
Castelli,-25.95,-60.6167,Argentina,AR,ARG,9421
Igarata,-23.2044,-46.1561,Brazil,BR,BRA,9349
Ariranha,-21.1878,-48.7869,Brazil,BR,BRA,9277
Porangaba,-23.1758,-48.125,Brazil,BR,BRA,9299
Herculandia,-22.0036,-50.3853,Brazil,BR,BRA,9278
"Pozo Almonte",-20.2597,-69.7862,Chile,CL,CHL,9277
"Lo Miranda",-34.1957,-70.8891,Chile,CL,CHL,9000
"Salto Grande",-22.8928,-49.9858,Brazil,BR,BRA,9223
Dumont,-21.2364,-47.9733,Brazil,BR,BRA,9178
"Terra Roxa",-20.7889,-48.33,Brazil,BR,BRA,9101
Challapata,-18.9,-66.7667,Bolivia,BO,BOL,9114
Rafard,-23.0117,-47.5269,Brazil,BR,BRA,9004
"Neves Paulista",-20.8458,-49.63,Brazil,BR,BRA,9008
Chamical,-30.3496,-66.3167,Argentina,AR,ARG,8989
"Parque del Plata",-34.7667,-55.7167,Uruguay,UY,URY,7896
"San Ramon",-34.2914,-55.9542,Uruguay,UY,URY,7133
"Paulo de Faria",-20.0308,-49.3828,Brazil,BR,BRA,8924
Achacachi,-16.0444,-68.685,Bolivia,BO,BOL,8857
"Sao Jose da Bela Vista",-20.5928,-47.64,Brazil,BR,BRA,8823
Balsamo,-20.735,-49.5839,Brazil,BR,BRA,8773
"San Jacinto",-34.5444,-55.8719,Uruguay,UY,URY,7000
"Yacimiento Rio Turbio",-51.5333,-72.3,Argentina,AR,ARG,8814
Cedral,-20.9028,-49.2678,Brazil,BR,BRA,8767
"Jesus Nazareno",-32.9111,-68.79,Argentina,AR,ARG,6875
"Santa Lucia",-21.685,-48.0839,Brazil,BR,BRA,8687
Reginopolis,-21.8878,-49.225,Brazil,BR,BRA,8640
Dobrada,-21.5167,-48.3939,Brazil,BR,BRA,8592
"Chos Malal",-37.383,-70.2666,Argentina,AR,ARG,8556
Lanco,-39.4523,-72.7755,Chile,CL,CHL,8521
Guaracai,-21.0283,-51.2067,Brazil,BR,BRA,8525
"Mina Clavero",-31.7239,-65.005,Argentina,AR,ARG,8487
"Estrela d'Oeste",-20.2878,-50.4008,Brazil,BR,BRA,8462
Ventanas,-32.7419,-71.4839,Chile,CL,CHL,8314
Arealva,-22.0286,-48.9111,Brazil,BR,BRA,8351
"Ouro Verde",-21.4894,-51.7003,Brazil,BR,BRA,8330
Guapua,-20.3972,-47.4203,Brazil,BR,BRA,8260
Moengo,5.6167,-54.4,Suriname,SR,SUR,8252
Pereiras,-23.0761,-47.9758,Brazil,BR,BRA,8213
Irapuru,-21.5708,-51.345,Brazil,BR,BRA,8187
Laprida,-37.5333,-60.8167,Argentina,AR,ARG,8178
"Aguas da Prata",-21.9369,-46.7169,Brazil,BR,BRA,8025
Yungay,-9.1389,-77.7444,Peru,PE,PER,8000
Tapirai,-23.9639,-47.5069,Brazil,BR,BRA,8047
Iepe,-22.6606,-51.0761,Brazil,BR,BRA,8036
Macaubal,-20.8058,-49.9639,Brazil,BR,BRA,8033
Icem,-20.3333,-49.1833,Brazil,BR,BRA,7997
Clementina,-21.5597,-50.4492,Brazil,BR,BRA,7992
Iaras,-22.8667,-49.1667,Brazil,BR,BRA,7970
Saltinho,-22.8469,-47.6769,Brazil,BR,BRA,7818
Itobi,-21.7369,-46.975,Brazil,BR,BRA,7831
"Sarandi del Yi",-33.3442,-55.6313,Uruguay,UY,URY,7176
"Monte Alegre do Sul",-22.68,-46.68,Brazil,BR,BRA,7736
Irapua,-21.2794,-49.4089,Brazil,BR,BRA,7774
"Sarandi Grande",-33.725,-56.3303,Uruguay,UY,URY,6130
Bilac,-21.4033,-50.4706,Brazil,BR,BRA,7682
"Las Lomitas",-24.7072,-60.5944,Argentina,AR,ARG,7683
Catigua,-21.05,-49.0667,Brazil,BR,BRA,7603
Lindoia,-22.5231,-46.65,Brazil,BR,BRA,7485
"Sao Pedro do Turvo",-22.7469,-49.74,Brazil,BR,BRA,7567
Guatapara,-21.4967,-48.0378,Brazil,BR,BRA,7446
Pillaro,-1.1667,-78.5333,Ecuador,EC,ECU,7444
Coracora,-15.017,-73.7804,Peru,PE,PER,7420
Aiquile,-18.1667,-65.1667,Bolivia,BO,BOL,7381
Ibirarema,-22.8175,-50.0725,Brazil,BR,BRA,7376
Fresia,-41.1531,-73.4223,Chile,CL,CHL,7328
Nuporanga,-20.7308,-47.7306,Brazil,BR,BRA,7255
Tranqueras,-31.1833,-55.7667,Uruguay,UY,URY,7235
Tarabai,-22.3028,-51.5589,Brazil,BR,BRA,7168
Carhue,-37.1829,-62.7333,Argentina,AR,ARG,7190
Atlantida,-34.7701,-55.7613,Uruguay,UY,URY,5562
Dalcahue,-42.3796,-73.6473,Chile,CL,CHL,7120
Lavrinhas,-22.5708,-44.9022,Brazil,BR,BRA,7052
Pauliceia,-21.3167,-51.8333,Brazil,BR,BRA,6981
Ipeuna,-22.4333,-47.7167,Brazil,BR,BRA,6914
Cliza,-17.5919,-65.9342,Bolivia,BO,BOL,6534
Galia,-22.2914,-49.5528,Brazil,BR,BRA,6894
"Puerto Narino",-3.7703,-70.3831,Colombia,CO,COL,6816
"Jose Pedro Varela",-33.45,-54.5333,Uruguay,UY,URY,5118
"Santo Antonio do Pinhal",-22.8269,-45.6628,Brazil,BR,BRA,6767
"Natividade da Serra",-23.3756,-45.4419,Brazil,BR,BRA,6786
Charagua,-19.7919,-63.2006,Bolivia,BO,BOL,6780
"Santo Antonio da Alegria",-21.0869,-47.1508,Brazil,BR,BRA,6739
Rinconada,-22.4403,-66.1672,Argentina,AR,ARG,6692
Guaranta,-21.895,-49.5897,Brazil,BR,BRA,6651
"Monte Aguila",-37.0879,-72.4385,Chile,CL,CHL,6574
Tamanredjo,5.7667,-55,Suriname,SR,SUR,6601
"Pan de Azucar",-34.8,-55.2167,Uruguay,UY,URY,6597
"Nova Alianca",-21.0158,-49.4958,Brazil,BR,BRA,6555
Tuiuti,-22.8158,-46.6939,Brazil,BR,BRA,6533
Orindiuva,-20.1819,-49.3508,Brazil,BR,BRA,6493
"San Ramon",-13.2672,-64.6172,Bolivia,BO,BOL,6490
Iacri,-21.8583,-50.6894,Brazil,BR,BRA,6481
Guichon,-32.35,-57.2,Uruguay,UY,URY,5025
"Ingeniero Guillermo N. Juarez",-23.9,-61.85,Argentina,AR,ARG,6453
Quintana,-22.0725,-50.3075,Brazil,BR,BRA,6437
Arandu,-23.1706,-49.0586,Brazil,BR,BRA,6351
Itirapua,-20.6408,-47.2192,Brazil,BR,BRA,6321
Echapora,-22.4294,-50.2006,Brazil,BR,BRA,6316
Anhembi,-22.7897,-48.1278,Brazil,BR,BRA,6307
Taiacu,-21.1439,-48.5128,Brazil,BR,BRA,6205
"Ingeniero Jacobacci",-41.3,-69.5833,Argentina,AR,ARG,6261
Colombia,-20.1758,-48.6889,Brazil,BR,BRA,6211
Silveiras,-22.6639,-44.8528,Brazil,BR,BRA,6158
Pardinho,-23.0811,-48.3736,Brazil,BR,BRA,6122
Jambeiro,-23.2536,-45.6878,Brazil,BR,BRA,6092
Taciba,-22.39,-51.285,Brazil,BR,BRA,6110
"Santo Antonio do Jardim",-22.1158,-46.68,Brazil,BR,BRA,6053
"Rio Espera",-20.8536,-43.5205,Brazil,BR,BRA,6070
"Pedra Bela",-22.7931,-46.4433,Brazil,BR,BRA,6044
Chepes,-31.35,-66.6,Argentina,AR,ARG,6020
Sales,-21.3408,-49.485,Brazil,BR,BRA,6002
"Santa Albertina",-20.0319,-50.7278,Brazil,BR,BRA,5971
Porvenir,-53.2956,-70.3687,Chile,CL,CHL,5992
"Santa Barbara do Rio Pardo",-22.8808,-49.2389,Brazil,BR,BRA,5944
Chui,-33.6908,-53.4569,Brazil,BR,BRA,5917
Ubarana,-21.1658,-49.7178,Brazil,BR,BRA,5910
"Campina do Monte Alegre",-23.4253,-48.4772,Brazil,BR,BRA,5901
Mucuchies,8.75,-70.9167,Venezuela,VE,VEN,5900
"Santa Maria da Serra",-22.5672,-48.1606,Brazil,BR,BRA,5902
Poloni,-20.7853,-49.8236,Brazil,BR,BRA,5833
"Fernando Prestes",-21.2644,-48.6853,Brazil,BR,BRA,5760
Piacatu,-21.5922,-50.5992,Brazil,BR,BRA,5739
Coroados,-21.3519,-50.2814,Brazil,BR,BRA,5753
"Tres Fronteiras",-20.235,-50.89,Brazil,BR,BRA,5719
Tonantins,-2.8731,-67.8022,Brazil,BR,BRA,4561
Uncia,-18.4682,-66.5648,Bolivia,BO,BOL,5709
"Santa Ernestina",-21.4628,-48.3908,Brazil,BR,BRA,5681
Guaimbe,-21.91,-49.8967,Brazil,BR,BRA,5696
Domburg,5.7,-55.0833,Suriname,SR,SUR,5500
Taiuva,-21.1239,-48.4519,Brazil,BR,BRA,5605
Chonchi,-42.6238,-73.7725,Chile,CL,CHL,5632
Taquarivai,-23.9239,-48.6928,Brazil,BR,BRA,5605
"Barra do Chapeu",-24.4731,-49.0244,Brazil,BR,BRA,5585
Alambari,-23.5667,-47.8861,Brazil,BR,BRA,5560
"Pedro Vicente Maldonado",0.0853,-79.0511,Ecuador,EC,ECU,5561
Caiua,-21.8317,-51.9983,Brazil,BR,BRA,5560
Sabino,-21.46,-49.5778,Brazil,BR,BRA,5502
Luisiania,-21.6758,-50.3267,Brazil,BR,BRA,5511
Aramina,-20.1672,-47.8265,Brazil,BR,BRA,5486
"San Antonio de los Cobres",-24.2256,-66.3192,Argentina,AR,ARG,5482
Desaguadero,-16.5684,-69.0421,Peru,PE,PER,5329
Brauna,-21.5,-50.3167,Brazil,BR,BRA,5454
"Maraba Paulista",-22.1081,-51.9625,Brazil,BR,BRA,5435
"San Pedro de Atacama",-22.9108,-68.2001,Chile,CL,CHL,5347
Puchuncavi,-32.7261,-71.4151,Chile,CL,CHL,5271
Mapire,7.7411,-64.7107,Venezuela,VE,VEN,5326
Avai,-22.1467,-49.3331,Brazil,BR,BRA,5275
Sarmiento,-45.6,-69.0833,Argentina,AR,ARG,5185
Salmourao,-21.6239,-50.8608,Brazil,BR,BRA,5152
Guzolandia,-20.6497,-50.6619,Brazil,BR,BRA,5103
Laraquete,-37.1677,-73.1859,Chile,CL,CHL,5014
"Alvaro de Carvalho",-22.0797,-49.7197,Brazil,BR,BRA,5030
Ipigua,-20.6569,-49.3869,Brazil,BR,BRA,5022
Pratania,-22.8083,-48.6661,Brazil,BR,BRA,5021
"Perito Moreno",-46.59,-70.9297,Argentina,AR,ARG,4617
Camargo,-20.6403,-65.2103,Bolivia,BO,BOL,4502
"Abra Pampa",-22.7167,-65.7,Argentina,AR,ARG,4480
Victorica,-36.2163,-65.45,Argentina,AR,ARG,4458
"La Paz",-33.4661,-67.55,Argentina,AR,ARG,4400
"Comandante Fontana",-25.3333,-59.6833,Argentina,AR,ARG,4277
"La Paloma",-34.67,-54.17,Uruguay,UY,URY,3230
Sicasica,-17.3333,-67.7333,Bolivia,BO,BOL,3831
Vergara,-32.95,-53.9333,Uruguay,UY,URY,3810
"Baltasar Brum",-30.73,-57.32,Uruguay,UY,URY,2517
"Santa Barbara",-37.6667,-72.0167,Chile,CL,CHL,3494
Magdalena,-13.2606,-64.0528,Bolivia,BO,BOL,3445
Caballococha,-3.9058,-70.5164,Peru,PE,PER,3195
Sinnamary,5.38,-52.96,"French Guiana",GF,GUF,3180
Aigua,-34.2,-54.75,Uruguay,UY,URY,2692
"General Conesa",-40.1,-64.4333,Argentina,AR,ARG,2958
Samaipata,-18.1794,-63.8756,Bolivia,BO,BOL,2926
Padilla,-19.3075,-64.3022,Bolivia,BO,BOL,2920
"Pampa del Infierno",-26.5167,-61.1667,Argentina,AR,ARG,2921
Orocue,4.7946,-71.34,Colombia,CO,COL,2835
Urubamba,-13.3042,-72.1167,Peru,PE,PER,2700
Cochrane,-47.2539,-72.5732,Chile,CL,CHL,2789
Nuqui,5.6852,-77.2745,Colombia,CO,COL,2741
Saint-Georges,3.9105,-51.81,"French Guiana",GF,GUF,2742
Chumbicha,-28.8666,-66.2333,Argentina,AR,ARG,2572
"Gobernador Gregores",-48.7666,-70.25,Argentina,AR,ARG,2519
Nauta,-4.5083,-73.5833,Peru,PE,PER,2500
Tarabuco,-19.1825,-64.915,Bolivia,BO,BOL,2428
Baures,-13.5833,-63.5833,Bolivia,BO,BOL,2422
"Vila Bela da Santissima Trindade",-15,-59.95,Brazil,BR,BRA,1612
"El Dorado",6.7167,-61.6167,Venezuela,VE,VEN,2383
Jurado,7.1114,-77.7714,Colombia,CO,COL,2351
"San Julian",-49.3,-67.7167,Argentina,AR,ARG,2347
Coroico,-16.1833,-67.7333,Bolivia,BO,BOL,2319
Roura,4.73,-52.33,"French Guiana",GF,GUF,2229
Sorata,-15.7736,-68.6486,Bolivia,BO,BOL,2217
Cuevo,-20.4547,-63.5189,Bolivia,BO,BOL,1637
Trancas,-26.2167,-65.2833,Argentina,AR,ARG,1599
"Alto Rio Senguer",-45.0419,-70.8234,Argentina,AR,ARG,1570
Iracoubo,5.4804,-53.22,"French Guiana",GF,GUF,1536
"Sierra Colorada",-40.5829,-67.8,Argentina,AR,ARG,1522
"San Vicente del Caguan",2.0704,-74.64,Colombia,CO,COL,1500
Jaque,7.519,-78.166,Panama,PA,PAN,1357
"Principe da Beira",-12.4167,-64.4166,Brazil,BR,BRA,956
"Las Lajas",-38.5163,-70.3666,Argentina,AR,ARG,1218
Susques,-23.4006,-66.3672,Argentina,AR,ARG,1093
Rodeo,-30.2156,-69.14,Argentina,AR,ARG,701
Gastre,-42.2667,-69.2167,Argentina,AR,ARG,602
Tinogasta,-28.0666,-67.5666,Argentina,AR,ARG,587
Telsen,-42.3833,-66.95,Argentina,AR,ARG,544
"Rio Cuarto",-33.123,-64.3478,Argentina,AR,ARG,158.298
"La Esmeralda",3.1738,-65.5466,Venezuela,VE,VEN,150
Ituni,5.5333,-58.25,Guyana,GY,GUY,100
Olmos,-5.9796,-79.75,Peru,PE,PER,9800
"Pedro Luro",-39.5,-62.6833,Argentina,AR,ARG,9494
Putina,-15.47,-69.43,Peru,PE,PER,8118
Reyes,-14.3096,-67.37,Bolivia,BO,BOL,7376
Quellon,-43.1201,-73.6203,Chile,CL,CHL,7029
Quirihue,-36.28,-72.53,Chile,CL,CHL,6529
"San Carlos",-17.4,-63.73,Bolivia,BO,BOL,6353
"San Matias",-16.36,-58.42,Bolivia,BO,BOL,6352
"El Palqui",-30.7679,-70.9433,Chile,CL,CHL,6175
"General Levalle",-34.0167,-63.9167,Argentina,AR,ARG,5697
Hohenau,-27.0795,-55.75,Paraguay,PY,PRY,5306
"Veintiocho de Noviembre",-51.65,-72.3,Argentina,AR,ARG,5300
Combarbala,-31.18,-71,Chile,CL,CHL,5134
"Villa del Rosario",-24.4196,-57.1,Paraguay,PY,PRY,5123
"Puerto Casado",-22.2896,-57.94,Paraguay,PY,PRY,5000
Betanzos,-19.56,-65.45,Bolivia,BO,BOL,4847
Brownsweg,5.02,-55.17,Suriname,SR,SUR,4582
"El Maiten",-42.05,-71.1666,Argentina,AR,ARG,4269
"San Javier",-16.2896,-62.5,Bolivia,BO,BOL,4210
Apolo,-14.7196,-68.42,Bolivia,BO,BOL,4189
Quime,-16.98,-67.22,Bolivia,BO,BOL,4045
Darregueira,-37.6996,-63.1666,Argentina,AR,ARG,3412
"Arroyos y Esteros",-25.05,-57.09,Paraguay,PY,PRY,3055
Abai,-26.0296,-55.94,Paraguay,PY,PRY,3024
"San Lorenzo",-21.4799,-64.77,Bolivia,BO,BOL,3000
Villalonga,-39.8829,-62.5833,Argentina,AR,ARG,2838
"Villa Ygatimi",-24.0796,-55.5,Paraguay,PY,PRY,2809
"Entre Rios",-21.53,-64.19,Bolivia,BO,BOL,2685
Huasco,-28.4696,-71.22,Chile,CL,CHL,2558
"Mariscal Jose Felix Estigarribia",-22.03,-60.61,Paraguay,PY,PRY,2500
"Jose Batlle y Ordonez",-33.47,-55.12,Uruguay,UY,URY,2438
Uspallata,-32.5931,-69.346,Argentina,AR,ARG,2390
"Oficina Maria Elena",-22.35,-69.67,Chile,CL,CHL,2370
Tolten,-39.2166,-73.2123,Chile,CL,CHL,2293
Stanley,-51.7,-57.85,"Falkland Islands (Islas Malvinas)",FK,FLK,2213
"El Manteco",7.3504,-62.5333,Venezuela,VE,VEN,2215
"Pozo Colorado",-23.43,-58.86,Paraguay,PY,PRY,2135
Mejillones,-23.1,-70.45,Chile,CL,CHL,2041
Amapa,2.05,-50.8,Brazil,BR,BRA,1947
Abuna,-9.6954,-65.3597,Brazil,BR,BRA,1929
Corocoro,-17.1696,-68.45,Bolivia,BO,BOL,1884
"Rio Mayo",-45.6834,-70.2666,Argentina,AR,ARG,1825
"Puerto Villarroel",-16.87,-64.78,Bolivia,BO,BOL,1778
"Villa Rumipal",-32.1833,-64.4833,Argentina,AR,ARG,1269
Nacunday,-26.02,-54.7699,Paraguay,PY,PRY,1250
"San Rafael",-16.7795,-60.68,Bolivia,BO,BOL,1201
"Capitan Pablo Lagerenza",-19.9161,-60.7833,Paraguay,PY,PRY,1200
"Puerto Acosta",-15.4996,-69.1667,Bolivia,BO,BOL,1123
"Los Blancos",-23.5996,-62.6,Argentina,AR,ARG,1145
"General Eugenio A. Garay",-20.52,-62.21,Paraguay,PY,PRY,972
Comallo,-41.0333,-70.2666,Argentina,AR,ARG,741
Ypejhu,-23.91,-55.46,Paraguay,PY,PRY,600
Sabaya,-19.0163,-68.3833,Bolivia,BO,BOL,573
Llica,-19.8496,-68.25,Bolivia,BO,BOL,553
Tournavista,-8.9322,-74.7052,Peru,PE,PER,511
"Puerto Pinasco",-22.64,-57.79,Paraguay,PY,PRY,500
"Comandante Luis Piedra Buena",-49.9745,-68.9035,Argentina,AR,ARG,410
Toconao,-23.1829,-68.0166,Chile,CL,CHL,378
"Balsadero Rio Verde",-52.65,-71.4666,Chile,CL,CHL,358
Yaupi,-2.8543,-77.9363,Ecuador,EC,ECU,293
"Villa O'Higgins",-48.4679,-72.56,Chile,CL,CHL,250
Charana,-17.5996,-69.4666,Bolivia,BO,BOL,197
Cuya,-19.1597,-70.1794,Chile,CL,CHL,20
"Villa Martin Colchak",-20.7666,-67.7833,Bolivia,BO,BOL,10
Gueppi,-0.1166,-75.23,Peru,PE,PER,10
"Puerto Heath",-12.52,-68.6186,Bolivia,BO,BOL,10
"Piso Firme",-13.683,-61.8666,Bolivia,BO,BOL,72
Rocafuerte,-0.9329,-75.4,Peru,PE,PER,40
Lagunas,-20.9829,-69.6833,Chile,CL,CHL,10
Andoas,-2.9021,-76.4025,Peru,PE,PER,10
"Puca Urco",-2.3328,-71.9167,Peru,PE,PER,10
"Soldado Bartra",-2.5161,-75.7666,Peru,PE,PER,10
